TIME,VOC PPB Médio,VOC PPB Máximo,VOC PPB Mínimo,VOC uG Médio
2026-03-18 16:58:37,2 ppb,6 ppb,0 ppb,8 ppb
2026-03-18 17:28:43,2 ppb,6 ppb,0 ppb,8 ppb
2026-03-18 17:59:00,2 ppb,6 ppb,0 ppb,8 ppb
2026-03-18 18:29:07,2 ppb,6 ppb,0 ppb,8 ppb
2026-03-18 18:59:13,2 ppb,6 ppb,0 ppb,8 ppb
2026-03-18 19:29:19,2 ppb,6 ppb,0 ppb,8 ppb
2026-03-18 19:59:25,2 ppb,6 ppb,0 ppb,8 ppb
2026-03-18 20:59:38,2 ppb,6 ppb,0 ppb,8 ppb
2026-03-18 21:29:44,2 ppb,6 ppb,0 ppb,8 ppb
2026-03-18 21:59:50,2 ppb,6 ppb,0 ppb,8 ppb
2026-03-18 22:29:56,2 ppb,6 ppb,0 ppb,7 ppb
2026-03-18 23:00:03,2 ppb,6 ppb,0 ppb,7 ppb
2026-03-18 23:30:09,2 ppb,6 ppb,0 ppb,7 ppb
2026-03-19 00:00:15,2 ppb,6 ppb,0 ppb,7 ppb
2026-03-19 00:30:21,2 ppb,6 ppb,0 ppb,7 ppb
2026-03-19 01:00:27,2 ppb,6 ppb,0 ppb,7 ppb
2026-03-19 01:30:34,2 ppb,6 ppb,0 ppb,7 ppb
2026-03-19 02:00:40,2 ppb,6 ppb,0 ppb,7 ppb
2026-03-19 02:30:46,2 ppb,6 ppb,0 ppb,7 ppb
2026-03-19 03:00:52,2 ppb,6 ppb,0 ppb,7 ppb
2026-03-19 03:30:58,2 ppb,6 ppb,0 ppb,7 ppb
2026-03-19 04:01:10,2 ppb,6 ppb,0 ppb,7 ppb
2026-03-19 05:01:22,2 ppb,6 ppb,0 ppb,7 ppb
2026-03-19 05:31:28,2 ppb,6 ppb,0 ppb,7 ppb
2026-03-19 06:01:35,2 ppb,6 ppb,0 ppb,7 ppb
2026-03-19 06:31:41,2 ppb,6 ppb,0 ppb,7 ppb
2026-03-19 07:01:47,2 ppb,6 ppb,0 ppb,7 ppb
2026-03-19 07:31:53,2 ppb,6 ppb,0 ppb,7 ppb
2026-03-19 08:02:00,2 ppb,6 ppb,0 ppb,7 ppb
2026-03-19 08:32:06,2 ppb,6 ppb,0 ppb,7 ppb
2026-03-19 09:02:12,2 ppb,6 ppb,0 ppb,7 ppb
2026-03-19 09:32:18,2 ppb,6 ppb,0 ppb,7 ppb
2026-03-19 10:02:24,2 ppb,6 ppb,0 ppb,7 ppb
2026-03-19 10:32:30,2 ppb,6 ppb,0 ppb,7 ppb
2026-03-19 11:02:37,2 ppb,6 ppb,0 ppb,7 ppb
2026-03-19 11:32:43,2 ppb,6 ppb,0 ppb,7 ppb
2026-03-19 12:02:49,2 ppb,6 ppb,0 ppb,7 ppb
2026-03-19 12:32:55,2 ppb,6 ppb,0 ppb,7 ppb
2026-03-19 13:03:01,2 ppb,6 ppb,0 ppb,7 ppb
2026-03-19 13:33:08,2 ppb,6 ppb,0 ppb,7 ppb
2026-03-19 14:03:25,2 ppb,6 ppb,0 ppb,7 ppb
2026-03-19 14:33:37,2 ppb,6 ppb,0 ppb,7 ppb
2026-03-19 15:03:43,2 ppb,6 ppb,0 ppb,7 ppb
2026-03-19 15:33:49,2 ppb,6 ppb,0 ppb,7 ppb
2026-03-19 16:03:55,2 ppb,6 ppb,0 ppb,7 ppb
2026-03-19 16:34:01,2 ppb,6 ppb,0 ppb,7 ppb
2026-03-19 17:04:08,2 ppb,6 ppb,0 ppb,7 ppb
2026-03-19 17:34:14,2 ppb,6 ppb,0 ppb,7 ppb
2026-03-19 18:04:20,2 ppb,6 ppb,0 ppb,7 ppb
2026-03-19 18:34:26,2 ppb,6 ppb,0 ppb,7 ppb
2026-03-19 19:04:33,2 ppb,6 ppb,0 ppb,7 ppb
2026-03-19 19:34:39,2 ppb,6 ppb,0 ppb,7 ppb
2026-03-19 20:04:45,2 ppb,6 ppb,0 ppb,7 ppb
2026-03-19 20:34:51,2 ppb,6 ppb,0 ppb,7 ppb
2026-03-19 21:04:57,2 ppb,6 ppb,0 ppb,7 ppb
2026-03-19 21:35:04,2 ppb,6 ppb,0 ppb,7 ppb
2026-03-19 22:05:10,2 ppb,6 ppb,0 ppb,7 ppb
2026-03-19 23:05:22,2 ppb,6 ppb,0 ppb,7 ppb
2026-03-19 23:35:34,2 ppb,6 ppb,0 ppb,7 ppb
2026-03-20 00:05:40,2 ppb,6 ppb,0 ppb,7 ppb
2026-03-20 00:35:46,2 ppb,6 ppb,0 ppb,7 ppb
2026-03-20 01:05:53,2 ppb,6 ppb,0 ppb,7 ppb
2026-03-20 01:35:59,2 ppb,6 ppb,0 ppb,7 ppb
2026-03-20 02:06:05,2 ppb,6 ppb,0 ppb,7 ppb
2026-03-20 02:36:11,2 ppb,6 ppb,0 ppb,7 ppb
2026-03-20 03:06:17,2 ppb,6 ppb,0 ppb,7 ppb
2026-03-20 03:36:23,2 ppb,6 ppb,0 ppb,7 ppb
2026-03-20 04:06:30,2 ppb,6 ppb,0 ppb,7 ppb
2026-03-20 04:36:36,2 ppb,6 ppb,0 ppb,7 ppb
2026-03-20 05:06:42,2 ppb,6 ppb,0 ppb,7 ppb
2026-03-20 05:36:49,2 ppb,6 ppb,0 ppb,7 ppb
2026-03-20 06:06:54,2 ppb,6 ppb,0 ppb,7 ppb
2026-03-20 06:37:01,2 ppb,6 ppb,0 ppb,7 ppb
2026-03-20 07:07:07,2 ppb,6 ppb,0 ppb,7 ppb
2026-03-20 07:37:13,2 ppb,6 ppb,0 ppb,7 ppb
2026-03-20 08:07:19,2 ppb,6 ppb,0 ppb,7 ppb
2026-03-20 08:37:26,2 ppb,6 ppb,0 ppb,7 ppb
2026-03-20 09:07:37,2 ppb,6 ppb,0 ppb,7 ppb
2026-03-20 09:37:49,2 ppb,6 ppb,0 ppb,7 ppb
2026-03-20 10:07:55,2 ppb,6 ppb,0 ppb,7 ppb
2026-03-20 10:38:01,2 ppb,6 ppb,0 ppb,7 ppb
2026-03-20 11:08:08,2 ppb,6 ppb,0 ppb,7 ppb
2026-03-20 11:38:14,2 ppb,6 ppb,0 ppb,7 ppb
2026-03-20 12:08:20,2 ppb,6 ppb,0 ppb,7 ppb
2026-03-20 12:38:26,2 ppb,6 ppb,0 ppb,7 ppb
2026-03-20 13:08:32,2 ppb,6 ppb,0 ppb,7 ppb
2026-03-20 13:38:39,2 ppb,6 ppb,0 ppb,7 ppb
2026-03-20 14:08:45,2 ppb,6 ppb,0 ppb,7 ppb
2026-03-20 14:38:56,1636 ppb,53045 ppb,0 ppb,6078 ppb
2026-03-20 15:09:03,903 ppb,1124 ppb,716 ppb,3370 ppb
2026-03-20 15:39:09,565 ppb,716 ppb,435 ppb,2113 ppb
2026-03-20 16:09:15,341 ppb,435 ppb,257 ppb,1277 ppb
2026-03-20 16:39:21,572 ppb,731 ppb,232 ppb,2144 ppb
2026-03-20 17:09:28,416 ppb,542 ppb,318 ppb,1561 ppb
2026-03-20 17:39:34,263 ppb,316 ppb,237 ppb,987 ppb
2026-03-20 18:09:40,210 ppb,241 ppb,176 ppb,786 ppb
2026-03-20 18:39:52,151 ppb,195 ppb,130 ppb,564 ppb
2026-03-20 19:09:58,116 ppb,130 ppb,100 ppb,433 ppb
2026-03-20 19:40:04,91 ppb,107 ppb,76 ppb,340 ppb
2026-03-20 20:10:10,72 ppb,79 ppb,69 ppb,269 ppb
2026-03-20 20:40:16,58 ppb,69 ppb,48 ppb,216 ppb
2026-03-20 21:10:23,45 ppb,53 ppb,38 ppb,168 ppb
2026-03-20 21:40:29,34 ppb,41 ppb,28 ppb,127 ppb
2026-03-20 22:10:35,19 ppb,33 ppb,13 ppb,71 ppb
2026-03-20 23:10:47,4 ppb,9 ppb,0 ppb,15 ppb
2026-03-20 23:40:54,2 ppb,6 ppb,0 ppb,7 ppb
2026-03-21 00:11:00,2 ppb,6 ppb,0 ppb,7 ppb
2026-03-21 00:41:06,2 ppb,6 ppb,0 ppb,7 ppb
2026-03-21 01:11:12,2 ppb,6 ppb,0 ppb,7 ppb
2026-03-21 01:41:18,2 ppb,6 ppb,0 ppb,7 ppb
2026-03-21 02:11:25,2 ppb,6 ppb,0 ppb,7 ppb
2026-03-21 02:41:31,2 ppb,6 ppb,0 ppb,7 ppb
2026-03-21 03:11:37,2 ppb,6 ppb,0 ppb,7 ppb
2026-03-21 03:41:43,2 ppb,6 ppb,0 ppb,7 ppb
2026-03-21 04:11:49,2 ppb,6 ppb,0 ppb,7 ppb
2026-03-21 04:42:01,2 ppb,6 ppb,0 ppb,7 ppb
2026-03-21 05:12:07,2 ppb,6 ppb,0 ppb,7 ppb
2026-03-21 05:42:13,2 ppb,6 ppb,0 ppb,7 ppb
2026-03-21 06:12:20,2 ppb,6 ppb,0 ppb,7 ppb
2026-03-21 06:42:26,2 ppb,6 ppb,0 ppb,7 ppb
2026-03-21 07:12:32,2 ppb,6 ppb,0 ppb,7 ppb
2026-03-21 07:42:38,2 ppb,6 ppb,0 ppb,7 ppb
2026-03-21 08:12:44,2 ppb,6 ppb,0 ppb,7 ppb
2026-03-21 08:42:51,2 ppb,6 ppb,0 ppb,7 ppb
2026-03-21 09:12:57,2 ppb,6 ppb,0 ppb,7 ppb
2026-03-21 09:43:03,2 ppb,6 ppb,0 ppb,7 ppb
2026-03-21 10:13:09,2 ppb,6 ppb,0 ppb,7 ppb
2026-03-21 10:43:16,2 ppb,6 ppb,0 ppb,7 ppb
2026-03-21 11:13:22,2 ppb,6 ppb,0 ppb,7 ppb
2026-03-21 11:43:28,2 ppb,6 ppb,0 ppb,7 ppb
2026-03-21 12:13:34,2 ppb,6 ppb,0 ppb,7 ppb
2026-03-21 12:43:41,2 ppb,6 ppb,0 ppb,7 ppb
2026-03-21 13:55:11,2 ppb,6 ppb,0 ppb,664 ppb
2026-03-21 14:25:22,2 ppb,6 ppb,0 ppb,661 ppb
2026-03-21 14:55:34,2 ppb,6 ppb,0 ppb,660 ppb
2026-03-21 15:25:40,2 ppb,6 ppb,0 ppb,659 ppb
2026-03-21 15:55:47,2 ppb,6 ppb,0 ppb,659 ppb
2026-03-21 16:25:53,2 ppb,6 ppb,0 ppb,659 ppb
2026-03-21 16:55:59,2 ppb,6 ppb,0 ppb,658 ppb
2026-03-21 17:26:05,2 ppb,6 ppb,0 ppb,658 ppb
2026-03-21 17:56:11,2 ppb,6 ppb,0 ppb,658 ppb
2026-03-21 18:26:18,2 ppb,6 ppb,0 ppb,659 ppb
2026-03-21 18:56:24,2 ppb,6 ppb,0 ppb,659 ppb
2026-03-21 19:26:30,2 ppb,6 ppb,0 ppb,659 ppb
2026-03-21 19:56:36,2 ppb,6 ppb,0 ppb,659 ppb
2026-03-21 20:26:43,2 ppb,6 ppb,0 ppb,659 ppb
2026-03-21 20:56:49,2 ppb,6 ppb,0 ppb,659 ppb
2026-03-21 21:26:55,2 ppb,6 ppb,0 ppb,659 ppb
2026-03-21 21:57:01,2 ppb,6 ppb,0 ppb,659 ppb
2026-03-21 22:27:08,2 ppb,6 ppb,0 ppb,659 ppb
2026-03-21 22:57:14,2 ppb,6 ppb,0 ppb,659 ppb
2026-03-21 23:27:20,2 ppb,6 ppb,0 ppb,659 ppb
2026-03-21 23:57:26,2 ppb,6 ppb,0 ppb,659 ppb
2026-03-22 00:27:38,2 ppb,6 ppb,0 ppb,659 ppb
2026-03-22 00:57:44,2 ppb,6 ppb,0 ppb,659 ppb
2026-03-22 01:27:50,2 ppb,6 ppb,0 ppb,659 ppb
2026-03-22 01:57:57,2 ppb,6 ppb,0 ppb,659 ppb
2026-03-22 02:28:03,2 ppb,6 ppb,0 ppb,659 ppb
2026-03-22 02:58:09,2 ppb,6 ppb,0 ppb,659 ppb
2026-03-22 03:28:15,2 ppb,6 ppb,0 ppb,659 ppb
2026-03-22 03:58:21,2 ppb,6 ppb,0 ppb,659 ppb
2026-03-22 04:28:27,2 ppb,6 ppb,0 ppb,659 ppb
2026-03-22 04:58:34,2 ppb,6 ppb,0 ppb,659 ppb
2026-03-22 05:28:40,2 ppb,6 ppb,0 ppb,659 ppb
2026-03-22 05:58:46,2 ppb,6 ppb,0 ppb,659 ppb
2026-03-22 06:28:52,2 ppb,6 ppb,0 ppb,659 ppb
2026-03-22 06:58:59,2 ppb,6 ppb,0 ppb,659 ppb
2026-03-22 07:29:05,2 ppb,6 ppb,0 ppb,659 ppb
2026-03-22 07:59:11,2 ppb,6 ppb,0 ppb,659 ppb
2026-03-22 08:29:17,2 ppb,6 ppb,0 ppb,659 ppb
2026-03-22 08:59:23,2 ppb,6 ppb,0 ppb,659 ppb
2026-03-22 09:29:30,2 ppb,6 ppb,0 ppb,658 ppb
2026-03-22 09:59:36,2 ppb,6 ppb,0 ppb,658 ppb
2026-03-22 10:29:42,2 ppb,6 ppb,0 ppb,658 ppb
2026-03-22 10:59:54,2 ppb,6 ppb,0 ppb,657 ppb
2026-03-22 11:30:00,2 ppb,6 ppb,0 ppb,657 ppb
2026-03-22 12:00:06,2 ppb,6 ppb,0 ppb,657 ppb
2026-03-22 12:30:12,2 ppb,6 ppb,0 ppb,656 ppb
2026-03-22 13:00:19,2 ppb,6 ppb,0 ppb,656 ppb
2026-03-22 13:30:25,2 ppb,6 ppb,0 ppb,655 ppb
2026-03-22 14:00:31,2 ppb,6 ppb,0 ppb,655 ppb
2026-03-22 14:30:37,2 ppb,6 ppb,0 ppb,654 ppb
2026-03-22 15:30:55,2 ppb,6 ppb,0 ppb,654 ppb
2026-03-22 16:31:08,2 ppb,6 ppb,0 ppb,654 ppb
2026-03-22 17:01:25,2 ppb,6 ppb,0 ppb,654 ppb
2026-03-22 17:31:38,2 ppb,6 ppb,0 ppb,654 ppb
2026-03-22 18:01:51,2 ppb,6 ppb,0 ppb,655 ppb
2026-03-22 18:32:03,2 ppb,6 ppb,0 ppb,655 ppb
2026-03-22 19:02:17,2 ppb,6 ppb,0 ppb,656 ppb
2026-03-22 19:32:28,2 ppb,6 ppb,0 ppb,656 ppb
2026-03-22 20:02:34,2 ppb,6 ppb,0 ppb,656 ppb
2026-03-22 20:32:41,2 ppb,6 ppb,0 ppb,657 ppb
2026-03-22 21:02:47,2 ppb,6 ppb,0 ppb,657 ppb
2026-03-22 21:32:53,2 ppb,6 ppb,0 ppb,657 ppb
2026-03-22 22:02:59,2 ppb,6 ppb,0 ppb,657 ppb
2026-03-22 22:33:06,2 ppb,6 ppb,0 ppb,657 ppb
2026-03-22 23:03:12,2 ppb,6 ppb,0 ppb,657 ppb
2026-03-22 23:33:18,2 ppb,6 ppb,0 ppb,657 ppb
2026-03-23 00:33:30,2 ppb,6 ppb,0 ppb,658 ppb
2026-03-23 01:03:37,2 ppb,6 ppb,0 ppb,658 ppb
2026-03-23 01:33:43,2 ppb,6 ppb,0 ppb,658 ppb
2026-03-23 02:03:49,2 ppb,6 ppb,0 ppb,658 ppb
2026-03-23 02:33:55,2 ppb,6 ppb,0 ppb,658 ppb
2026-03-23 03:04:02,2 ppb,6 ppb,0 ppb,658 ppb
2026-03-23 03:34:08,2 ppb,6 ppb,0 ppb,658 ppb
2026-03-23 04:04:14,2 ppb,6 ppb,0 ppb,658 ppb
2026-03-23 04:34:21,2 ppb,6 ppb,0 ppb,659 ppb
2026-03-23 05:04:27,2 ppb,6 ppb,0 ppb,659 ppb
2026-03-23 05:34:39,2 ppb,6 ppb,0 ppb,659 ppb
2026-03-23 06:04:45,2 ppb,6 ppb,0 ppb,659 ppb
2026-03-23 06:34:51,2 ppb,6 ppb,0 ppb,659 ppb
2026-03-23 07:04:57,2 ppb,6 ppb,0 ppb,659 ppb
2026-03-23 07:35:04,2 ppb,6 ppb,0 ppb,659 ppb
2026-03-23 08:05:10,2 ppb,6 ppb,0 ppb,659 ppb
2026-03-23 08:35:16,2 ppb,6 ppb,0 ppb,659 ppb
2026-03-23 09:05:22,2 ppb,6 ppb,0 ppb,658 ppb
2026-03-23 09:35:28,2 ppb,6 ppb,0 ppb,658 ppb
2026-03-23 10:05:34,2 ppb,6 ppb,0 ppb,658 ppb
2026-03-23 10:35:41,2 ppb,6 ppb,0 ppb,658 ppb
2026-03-23 11:05:47,2 ppb,6 ppb,0 ppb,657 ppb
2026-03-23 11:35:53,2 ppb,6 ppb,0 ppb,657 ppb
2026-03-23 12:05:59,2 ppb,6 ppb,0 ppb,657 ppb
2026-03-23 12:36:06,2 ppb,6 ppb,0 ppb,656 ppb
2026-03-23 13:06:12,2 ppb,6 ppb,0 ppb,656 ppb
2026-03-23 13:36:18,2 ppb,6 ppb,0 ppb,656 ppb
2026-03-23 14:06:24,2 ppb,6 ppb,0 ppb,656 ppb
2026-03-23 14:36:30,2 ppb,6 ppb,0 ppb,656 ppb
2026-03-23 15:06:48,2 ppb,6 ppb,0 ppb,655 ppb
2026-03-23 15:36:54,2 ppb,6 ppb,0 ppb,655 ppb
2026-03-23 16:07:00,2 ppb,6 ppb,0 ppb,655 ppb
2026-03-23 16:37:06,2 ppb,6 ppb,0 ppb,655 ppb
2026-03-23 17:37:19,2 ppb,6 ppb,0 ppb,655 ppb
2026-03-23 18:07:25,2 ppb,6 ppb,0 ppb,656 ppb
2026-03-23 18:37:31,2 ppb,6 ppb,0 ppb,656 ppb
2026-03-23 19:07:38,2 ppb,6 ppb,0 ppb,656 ppb
2026-03-23 19:37:44,2 ppb,6 ppb,0 ppb,657 ppb
2026-03-23 20:07:50,2 ppb,6 ppb,0 ppb,657 ppb
2026-03-23 20:37:56,2 ppb,6 ppb,0 ppb,657 ppb
2026-03-23 21:08:02,2 ppb,6 ppb,0 ppb,657 ppb
2026-03-23 21:38:09,2 ppb,6 ppb,0 ppb,657 ppb
2026-03-23 22:08:15,2 ppb,6 ppb,0 ppb,657 ppb
2026-03-23 22:38:21,2 ppb,6 ppb,0 ppb,657 ppb
2026-03-23 23:08:27,2 ppb,6 ppb,0 ppb,657 ppb
2026-03-23 23:38:33,2 ppb,6 ppb,0 ppb,657 ppb
2026-03-24 00:08:40,2 ppb,6 ppb,0 ppb,657 ppb
2026-03-24 00:38:46,2 ppb,6 ppb,0 ppb,658 ppb
2026-03-24 01:08:58,2 ppb,6 ppb,0 ppb,658 ppb
2026-03-24 01:39:04,2 ppb,6 ppb,0 ppb,658 ppb
2026-03-24 02:09:10,2 ppb,6 ppb,0 ppb,658 ppb
2026-03-24 02:39:16,2 ppb,6 ppb,0 ppb,659 ppb
2026-03-24 03:09:23,2 ppb,6 ppb,0 ppb,659 ppb
2026-03-24 03:39:29,2 ppb,6 ppb,0 ppb,659 ppb
2026-03-24 04:09:35,2 ppb,6 ppb,0 ppb,659 ppb
2026-03-24 04:39:41,2 ppb,6 ppb,0 ppb,659 ppb
2026-03-24 05:09:47,2 ppb,6 ppb,0 ppb,659 ppb
2026-03-24 05:39:54,2 ppb,6 ppb,0 ppb,659 ppb
2026-03-24 06:10:00,2 ppb,6 ppb,0 ppb,659 ppb
2026-03-24 06:40:06,2 ppb,6 ppb,0 ppb,659 ppb
2026-03-24 07:10:13,2 ppb,6 ppb,0 ppb,659 ppb
2026-03-24 07:40:19,2 ppb,6 ppb,0 ppb,659 ppb
2026-03-24 08:10:25,2 ppb,6 ppb,0 ppb,659 ppb
2026-03-24 08:40:31,2 ppb,6 ppb,0 ppb,659 ppb
2026-03-24 09:10:37,2 ppb,6 ppb,0 ppb,658 ppb
2026-03-24 09:40:43,2 ppb,6 ppb,0 ppb,658 ppb
2026-03-24 10:10:49,2 ppb,6 ppb,0 ppb,658 ppb
2026-03-24 10:41:07,2 ppb,6 ppb,0 ppb,657 ppb
2026-03-24 11:11:13,2 ppb,6 ppb,0 ppb,657 ppb
2026-03-24 11:41:19,2 ppb,6 ppb,0 ppb,657 ppb
2026-03-24 12:11:26,2 ppb,6 ppb,0 ppb,656 ppb
2026-03-24 12:41:32,2 ppb,6 ppb,0 ppb,656 ppb
2026-03-24 13:11:38,2 ppb,6 ppb,0 ppb,656 ppb
2026-03-24 13:41:44,2 ppb,6 ppb,0 ppb,656 ppb
2026-03-24 14:11:51,2 ppb,6 ppb,0 ppb,656 ppb
2026-03-24 14:41:57,2 ppb,6 ppb,0 ppb,656 ppb
2026-03-24 15:12:08,2 ppb,6 ppb,0 ppb,656 ppb
2026-03-24 15:42:15,2 ppb,6 ppb,0 ppb,656 ppb
2026-03-24 16:12:21,2 ppb,6 ppb,0 ppb,656 ppb
2026-03-24 16:42:27,2 ppb,6 ppb,0 ppb,656 ppb
2026-03-24 17:12:34,2 ppb,6 ppb,0 ppb,656 ppb
2026-03-24 17:42:40,2 ppb,6 ppb,0 ppb,656 ppb
2026-03-24 18:12:46,2 ppb,6 ppb,0 ppb,657 ppb
2026-03-24 18:42:52,2 ppb,6 ppb,0 ppb,657 ppb
2026-03-24 19:12:58,2 ppb,6 ppb,0 ppb,657 ppb
2026-03-24 19:43:10,2 ppb,6 ppb,0 ppb,658 ppb
2026-03-24 20:13:16,2 ppb,6 ppb,0 ppb,658 ppb
2026-03-24 20:43:22,2 ppb,6 ppb,0 ppb,658 ppb
2026-03-24 21:13:29,2 ppb,6 ppb,0 ppb,658 ppb
2026-03-24 21:43:35,2 ppb,6 ppb,0 ppb,658 ppb
2026-03-24 22:13:41,2 ppb,6 ppb,0 ppb,658 ppb
2026-03-24 22:43:47,2 ppb,6 ppb,0 ppb,658 ppb
2026-03-24 23:13:54,2 ppb,6 ppb,0 ppb,659 ppb
2026-03-24 23:44:00,2 ppb,6 ppb,0 ppb,659 ppb
2026-03-25 00:14:06,2 ppb,6 ppb,0 ppb,659 ppb
2026-03-25 00:44:12,2 ppb,6 ppb,0 ppb,659 ppb
2026-03-25 01:14:18,2 ppb,6 ppb,0 ppb,659 ppb
2026-03-25 01:44:24,2 ppb,6 ppb,0 ppb,659 ppb
2026-03-25 02:14:31,2 ppb,6 ppb,0 ppb,659 ppb
2026-03-25 02:44:37,2 ppb,6 ppb,0 ppb,659 ppb
2026-03-25 03:14:43,2 ppb,6 ppb,0 ppb,659 ppb
2026-03-25 03:44:49,2 ppb,6 ppb,0 ppb,659 ppb
2026-03-25 04:14:56,2 ppb,6 ppb,0 ppb,660 ppb
2026-03-25 04:45:02,2 ppb,6 ppb,0 ppb,660 ppb
2026-03-25 05:15:13,2 ppb,6 ppb,0 ppb,660 ppb
2026-03-25 05:45:20,2 ppb,6 ppb,0 ppb,660 ppb
2026-03-25 06:15:26,2 ppb,6 ppb,0 ppb,660 ppb
2026-03-25 06:45:32,2 ppb,6 ppb,0 ppb,660 ppb
2026-03-25 07:15:38,2 ppb,6 ppb,0 ppb,660 ppb
2026-03-25 07:45:45,2 ppb,6 ppb,0 ppb,660 ppb
2026-03-25 08:15:51,2 ppb,6 ppb,0 ppb,660 ppb
2026-03-25 08:45:57,2 ppb,6 ppb,0 ppb,660 ppb
2026-03-25 09:16:03,2 ppb,6 ppb,0 ppb,660 ppb
2026-03-25 09:46:10,2 ppb,6 ppb,0 ppb,661 ppb
2026-03-25 10:16:16,2 ppb,6 ppb,0 ppb,663 ppb
2026-03-25 10:46:22,2 ppb,6 ppb,0 ppb,664 ppb
2026-03-25 11:16:28,2 ppb,6 ppb,0 ppb,665 ppb
2026-03-25 11:38:02,0 ppb,0 ppb,0 ppb,0 ppb
2026-03-25 11:40:07,0 ppb,0 ppb,0 ppb,0 ppb
2026-03-25 11:42:07,0 ppb,0 ppb,0 ppb,0 ppb
2026-03-25 11:49:55,3 ppb,6 ppb,0 ppb,1000 ppb
2026-03-25 11:51:06,1 ppb,5 ppb,0 ppb,333 ppb
2026-03-25 11:52:12,3 ppb,6 ppb,0 ppb,1000 ppb
2026-03-25 11:53:18,2 ppb,4 ppb,0 ppb,666 ppb
2026-03-25 11:54:25,1 ppb,5 ppb,0 ppb,333 ppb
2026-03-25 11:55:31,3 ppb,6 ppb,0 ppb,999 ppb
2026-03-25 11:56:37,2 ppb,4 ppb,0 ppb,666 ppb
2026-03-25 11:57:43,1 ppb,5 ppb,0 ppb,333 ppb
2026-03-25 11:58:49,4 ppb,6 ppb,1 ppb,1332 ppb
2026-03-25 11:59:56,1 ppb,5 ppb,0 ppb,333 ppb
2026-03-25 12:02:22,3 ppb,6 ppb,0 ppb,1129 ppb
2026-03-25 12:03:33,2 ppb,4 ppb,0 ppb,752 ppb
2026-03-25 12:05:44,0 ppb,0 ppb,0 ppb,0 ppb
2026-03-25 12:07:45,0 ppb,0 ppb,0 ppb,0 ppb
2026-03-25 12:14:00,2 ppb,6 ppb,0 ppb,8 ppb
2026-03-25 12:15:18,2 ppb,5 ppb,0 ppb,8 ppb
2026-03-25 12:16:24,2 ppb,6 ppb,0 ppb,8 ppb
2026-03-25 12:17:30,3 ppb,6 ppb,1 ppb,11 ppb
2026-03-25 12:18:36,1 ppb,5 ppb,0 ppb,4 ppb
2026-03-25 12:19:43,3 ppb,6 ppb,0 ppb,11 ppb
2026-03-25 12:20:49,2 ppb,5 ppb,0 ppb,8 ppb
2026-03-25 12:21:55,1 ppb,5 ppb,0 ppb,4 ppb
2026-03-25 12:43:21,2 ppb,6 ppb,0 ppb,8 ppb
2026-03-25 12:53:32,2 ppb,6 ppb,0 ppb,8 ppb
2026-03-25 13:03:38,2 ppb,6 ppb,0 ppb,7 ppb
2026-03-25 13:13:45,2 ppb,6 ppb,0 ppb,7 ppb
2026-03-25 13:23:51,2 ppb,6 ppb,0 ppb,7 ppb
2026-03-25 13:33:57,2 ppb,6 ppb,0 ppb,7 ppb
2026-03-25 13:44:04,2 ppb,6 ppb,0 ppb,7 ppb
2026-03-25 13:54:10,2 ppb,6 ppb,0 ppb,7 ppb
2026-03-25 14:04:16,2 ppb,6 ppb,0 ppb,7 ppb
2026-03-25 14:14:28,2 ppb,6 ppb,0 ppb,7 ppb
2026-03-25 14:24:34,2 ppb,6 ppb,0 ppb,7 ppb
2026-03-25 14:34:40,2 ppb,6 ppb,0 ppb,7 ppb
2026-03-25 14:44:47,2 ppb,6 ppb,0 ppb,7 ppb
2026-03-25 14:54:58,2 ppb,6 ppb,0 ppb,7 ppb
2026-03-25 15:05:33,4 ppb,6 ppb,0 ppb,15 ppb
2026-03-25 18:11:02,,,,
2026-03-25 18:41:40,2 ppb,6 ppb,0 ppb,7 ppb
2026-03-25 18:41:40,2 ppb,6 ppb,0 ppb,7 ppb
2026-03-25 19:11:46,2 ppb,6 ppb,0 ppb,7 ppb
2026-03-25 19:11:46,2 ppb,6 ppb,0 ppb,7 ppb
2026-03-25 19:41:52,2 ppb,6 ppb,0 ppb,7 ppb
2026-03-25 19:41:52,2 ppb,6 ppb,0 ppb,7 ppb
2026-03-25 20:11:58,2 ppb,6 ppb,0 ppb,7 ppb
2026-03-25 20:11:58,2 ppb,6 ppb,0 ppb,7 ppb
2026-03-25 20:42:04,2 ppb,6 ppb,0 ppb,7 ppb
2026-03-25 21:12:10,2 ppb,6 ppb,0 ppb,7 ppb
2026-03-25 21:42:17,2 ppb,6 ppb,0 ppb,7 ppb
2026-03-25 21:42:17,2 ppb,6 ppb,0 ppb,7 ppb
2026-03-25 22:12:23,2 ppb,6 ppb,0 ppb,7 ppb
2026-03-25 22:42:29,2 ppb,6 ppb,0 ppb,7 ppb
2026-03-25 22:42:29,2 ppb,6 ppb,0 ppb,7 ppb
2026-03-25 23:12:35,2 ppb,6 ppb,0 ppb,7 ppb
2026-03-25 23:12:35,2 ppb,6 ppb,0 ppb,7 ppb
2026-03-25 23:42:42,2 ppb,6 ppb,0 ppb,7 ppb
2026-03-26 00:12:48,2 ppb,6 ppb,0 ppb,7 ppb
2026-03-26 00:12:48,2 ppb,6 ppb,0 ppb,7 ppb
2026-03-26 00:42:54,2 ppb,6 ppb,0 ppb,7 ppb
2026-03-26 00:42:54,2 ppb,6 ppb,0 ppb,7 ppb
2026-03-26 01:13:00,2 ppb,6 ppb,0 ppb,7 ppb
2026-03-26 01:13:00,2 ppb,6 ppb,0 ppb,7 ppb
2026-03-26 01:43:07,2 ppb,6 ppb,0 ppb,7 ppb
2026-03-26 01:43:07,2 ppb,6 ppb,0 ppb,7 ppb
2026-03-26 02:13:13,2 ppb,6 ppb,0 ppb,7 ppb
2026-03-26 02:43:19,2 ppb,6 ppb,0 ppb,7 ppb
2026-03-26 02:43:19,2 ppb,6 ppb,0 ppb,7 ppb
2026-03-26 03:13:31,2 ppb,6 ppb,0 ppb,7 ppb
2026-03-26 03:43:37,2 ppb,6 ppb,0 ppb,7 ppb
2026-03-26 04:13:43,2 ppb,6 ppb,0 ppb,7 ppb
2026-03-26 04:13:43,2 ppb,6 ppb,0 ppb,7 ppb
2026-03-26 05:13:56,2 ppb,6 ppb,0 ppb,7 ppb
2026-03-26 05:13:56,2 ppb,6 ppb,0 ppb,7 ppb
2026-03-26 05:44:02,2 ppb,6 ppb,0 ppb,7 ppb
2026-03-26 05:44:02,2 ppb,6 ppb,0 ppb,7 ppb
2026-03-26 06:14:08,2 ppb,6 ppb,0 ppb,7 ppb
2026-03-26 06:14:08,2 ppb,6 ppb,0 ppb,7 ppb
2026-03-26 06:44:14,2 ppb,6 ppb,0 ppb,7 ppb
2026-03-26 06:44:14,2 ppb,6 ppb,0 ppb,7 ppb
2026-03-26 07:14:20,2 ppb,6 ppb,0 ppb,7 ppb
2026-03-26 07:14:20,2 ppb,6 ppb,0 ppb,7 ppb
2026-03-26 07:44:27,2 ppb,6 ppb,0 ppb,7 ppb
2026-03-26 08:44:39,2 ppb,6 ppb,0 ppb,7 ppb
2026-03-26 08:44:39,2 ppb,6 ppb,0 ppb,7 ppb
2026-03-26 09:14:57,2 ppb,6 ppb,0 ppb,7 ppb
2026-03-26 09:14:57,2 ppb,6 ppb,0 ppb,7 ppb
2026-03-26 09:45:04,2 ppb,6 ppb,0 ppb,7 ppb
2026-03-26 10:15:17,2 ppb,6 ppb,0 ppb,8 ppb
2026-03-26 10:45:30,2 ppb,6 ppb,0 ppb,8 ppb
2026-03-26 11:15:43,2 ppb,6 ppb,0 ppb,8 ppb
2026-03-26 11:46:01,2 ppb,6 ppb,0 ppb,8 ppb
2026-03-26 12:16:07,2 ppb,6 ppb,0 ppb,8 ppb
2026-03-26 12:46:13,2 ppb,6 ppb,0 ppb,8 ppb
2026-03-26 13:16:20,2 ppb,6 ppb,0 ppb,8 ppb
2026-03-26 14:16:32,2 ppb,6 ppb,0 ppb,8 ppb
2026-03-26 14:46:38,2 ppb,6 ppb,0 ppb,8 ppb
2026-03-26 15:16:44,2 ppb,6 ppb,0 ppb,8 ppb
2026-03-26 15:46:56,2 ppb,6 ppb,0 ppb,8 ppb
2026-03-26 16:17:02,2 ppb,6 ppb,0 ppb,8 ppb
2026-03-26 16:47:09,2 ppb,6 ppb,0 ppb,8 ppb
2026-03-26 16:47:09,2 ppb,6 ppb,0 ppb,8 ppb
2026-03-26 17:17:15,2 ppb,6 ppb,0 ppb,8 ppb
2026-03-26 17:47:21,2 ppb,6 ppb,0 ppb,7 ppb
2026-03-26 18:17:27,2 ppb,6 ppb,0 ppb,7 ppb
2026-03-26 18:17:27,2 ppb,6 ppb,0 ppb,7 ppb
2026-03-26 18:47:34,2 ppb,6 ppb,0 ppb,7 ppb
2026-03-26 19:17:40,2 ppb,6 ppb,0 ppb,7 ppb
2026-03-26 19:17:40,2 ppb,6 ppb,0 ppb,7 ppb
2026-03-26 19:47:46,2 ppb,6 ppb,0 ppb,7 ppb
2026-03-26 20:17:52,2 ppb,6 ppb,0 ppb,7 ppb
2026-03-26 21:18:04,2 ppb,6 ppb,0 ppb,7 ppb
2026-03-26 21:18:04,2 ppb,6 ppb,0 ppb,7 ppb
2026-03-26 21:48:11,2 ppb,6 ppb,0 ppb,7 ppb
2026-03-26 21:48:11,2 ppb,6 ppb,0 ppb,7 ppb
2026-03-26 22:18:17,3 ppb,6 ppb,0 ppb,11 ppb
2026-03-26 22:18:17,3 ppb,6 ppb,0 ppb,11 ppb
2026-03-26 22:48:23,2 ppb,6 ppb,0 ppb,7 ppb
2026-03-26 22:48:23,2 ppb,6 ppb,0 ppb,7 ppb
2026-03-26 23:18:29,2 ppb,6 ppb,0 ppb,7 ppb
2026-03-26 23:48:36,2 ppb,6 ppb,0 ppb,7 ppb
2026-03-27 00:18:42,2 ppb,6 ppb,0 ppb,7 ppb
2026-03-27 00:48:48,2 ppb,6 ppb,0 ppb,7 ppb
2026-03-27 01:18:54,2 ppb,6 ppb,0 ppb,7 ppb
2026-03-27 01:49:12,2 ppb,6 ppb,0 ppb,7 ppb
2026-03-27 17:52:42,2 ppb,6 ppb,0 ppb,7 ppb
2026-03-27 17:52:42,2 ppb,6 ppb,0 ppb,7 ppb
2026-03-27 18:22:48,2 ppb,6 ppb,0 ppb,7 ppb
2026-03-27 18:52:54,2 ppb,6 ppb,0 ppb,7 ppb
2026-03-27 18:52:54,2 ppb,6 ppb,0 ppb,7 ppb
2026-03-27 18:52:54,2 ppb,6 ppb,0 ppb,7 ppb
2026-03-27 19:23:00,2 ppb,6 ppb,0 ppb,7 ppb
2026-03-27 19:23:00,2 ppb,6 ppb,0 ppb,7 ppb
2026-03-27 19:23:00,2 ppb,6 ppb,0 ppb,7 ppb
2026-03-27 19:53:06,2 ppb,6 ppb,0 ppb,7 ppb
2026-03-27 20:23:13,2 ppb,6 ppb,0 ppb,7 ppb
2026-03-27 20:53:19,2 ppb,6 ppb,0 ppb,7 ppb
2026-03-27 21:23:25,2 ppb,6 ppb,0 ppb,7 ppb
2026-03-27 21:23:25,2 ppb,6 ppb,0 ppb,7 ppb
2026-03-27 21:53:31,2 ppb,6 ppb,0 ppb,7 ppb
2026-03-27 21:53:31,2 ppb,6 ppb,0 ppb,7 ppb
2026-03-27 22:23:37,2 ppb,6 ppb,0 ppb,7 ppb
2026-03-27 22:23:37,2 ppb,6 ppb,0 ppb,7 ppb
2026-03-27 22:23:37,2 ppb,6 ppb,0 ppb,7 ppb
2026-03-27 22:53:44,2 ppb,6 ppb,0 ppb,7 ppb
2026-03-27 23:23:50,2 ppb,6 ppb,0 ppb,7 ppb
2026-03-27 23:23:50,2 ppb,6 ppb,0 ppb,7 ppb
2026-03-27 23:53:56,2 ppb,6 ppb,0 ppb,7 ppb
2026-03-27 23:53:56,2 ppb,6 ppb,0 ppb,7 ppb
2026-03-28 00:24:02,2 ppb,6 ppb,0 ppb,7 ppb
2026-03-28 00:54:08,2 ppb,6 ppb,0 ppb,7 ppb
2026-03-28 00:54:08,2 ppb,6 ppb,0 ppb,7 ppb
2026-03-28 00:54:08,2 ppb,6 ppb,0 ppb,7 ppb
2026-03-28 01:24:14,2 ppb,6 ppb,0 ppb,7 ppb
2026-03-28 01:24:14,2 ppb,6 ppb,0 ppb,7 ppb
2026-03-28 01:24:14,2 ppb,6 ppb,0 ppb,7 ppb
2026-03-28 01:54:21,2 ppb,6 ppb,0 ppb,7 ppb
2026-03-28 01:54:21,2 ppb,6 ppb,0 ppb,7 ppb
2026-03-28 02:24:27,2 ppb,6 ppb,0 ppb,7 ppb
2026-03-28 02:54:34,2 ppb,6 ppb,0 ppb,7 ppb
2026-03-28 02:54:34,2 ppb,6 ppb,0 ppb,7 ppb
2026-03-28 02:54:34,2 ppb,6 ppb,0 ppb,7 ppb
2026-03-28 03:24:39,2 ppb,6 ppb,0 ppb,7 ppb
2026-03-28 03:24:39,2 ppb,6 ppb,0 ppb,7 ppb
2026-03-28 03:54:46,2 ppb,6 ppb,0 ppb,7 ppb
2026-03-28 03:54:46,2 ppb,6 ppb,0 ppb,7 ppb
2026-03-28 04:24:52,2 ppb,6 ppb,0 ppb,7 ppb
2026-03-28 04:24:52,2 ppb,6 ppb,0 ppb,7 ppb
2026-03-28 04:54:58,2 ppb,6 ppb,0 ppb,7 ppb
2026-03-28 04:54:58,2 ppb,6 ppb,0 ppb,7 ppb
2026-03-28 05:25:04,2 ppb,6 ppb,0 ppb,7 ppb
2026-03-28 05:25:04,2 ppb,6 ppb,0 ppb,7 ppb
2026-03-28 05:25:04,2 ppb,6 ppb,0 ppb,7 ppb
2026-03-28 05:55:11,2 ppb,6 ppb,0 ppb,7 ppb
2026-03-28 05:55:11,2 ppb,6 ppb,0 ppb,7 ppb
2026-03-28 06:25:17,2 ppb,6 ppb,0 ppb,7 ppb
2026-03-28 06:25:17,2 ppb,6 ppb,0 ppb,7 ppb
2026-03-28 06:55:23,2 ppb,6 ppb,0 ppb,7 ppb
2026-03-28 07:25:29,2 ppb,6 ppb,0 ppb,7 ppb
2026-03-28 07:55:36,2 ppb,6 ppb,0 ppb,8 ppb
2026-03-28 08:25:42,2 ppb,6 ppb,0 ppb,8 ppb
2026-03-28 08:55:48,2 ppb,6 ppb,0 ppb,8 ppb
2026-03-28 09:25:54,2 ppb,6 ppb,0 ppb,8 ppb
2026-03-28 09:25:54,2 ppb,6 ppb,0 ppb,8 ppb
2026-03-28 09:25:54,2 ppb,6 ppb,0 ppb,8 ppb
2026-03-28 09:56:00,2 ppb,6 ppb,0 ppb,8 ppb
2026-03-28 10:26:18,2 ppb,6 ppb,0 ppb,8 ppb
2026-03-28 10:56:24,2 ppb,6 ppb,0 ppb,7 ppb
2026-03-28 11:26:31,2 ppb,6 ppb,0 ppb,7 ppb
2026-03-28 11:56:37,2 ppb,6 ppb,0 ppb,7 ppb
2026-03-28 11:56:37,2 ppb,6 ppb,0 ppb,7 ppb
2026-03-28 12:26:43,2 ppb,6 ppb,0 ppb,7 ppb
2026-03-28 12:56:49,2 ppb,6 ppb,0 ppb,7 ppb
2026-03-28 12:56:49,2 ppb,6 ppb,0 ppb,7 ppb
2026-03-28 13:26:56,2 ppb,6 ppb,0 ppb,7 ppb
2026-03-28 13:57:01,2 ppb,6 ppb,0 ppb,7 ppb
2026-03-28 14:27:08,2 ppb,6 ppb,0 ppb,7 ppb
2026-03-28 14:27:08,2 ppb,6 ppb,0 ppb,7 ppb
2026-03-28 15:27:20,2 ppb,6 ppb,0 ppb,7 ppb
2026-03-28 15:57:32,2 ppb,6 ppb,0 ppb,7 ppb
2026-03-28 15:57:32,2 ppb,6 ppb,0 ppb,7 ppb
2026-03-28 16:27:38,2 ppb,6 ppb,0 ppb,7 ppb
2026-03-28 16:27:38,2 ppb,6 ppb,0 ppb,7 ppb
2026-03-28 16:57:44,2 ppb,6 ppb,0 ppb,7 ppb
2026-03-28 16:57:44,2 ppb,6 ppb,0 ppb,7 ppb
2026-03-28 17:27:51,2 ppb,6 ppb,0 ppb,7 ppb
2026-03-28 17:57:57,2 ppb,6 ppb,0 ppb,7 ppb
2026-03-28 18:28:03,2 ppb,6 ppb,0 ppb,7 ppb
2026-03-28 18:28:03,2 ppb,6 ppb,0 ppb,7 ppb
2026-03-28 19:28:15,2 ppb,6 ppb,0 ppb,7 ppb
2026-03-28 19:58:21,2 ppb,6 ppb,0 ppb,7 ppb
2026-03-28 20:28:33,2 ppb,6 ppb,0 ppb,7 ppb
2026-03-28 20:28:33,2 ppb,6 ppb,0 ppb,7 ppb
2026-03-28 20:58:40,2 ppb,6 ppb,0 ppb,7 ppb
2026-03-28 21:28:46,2 ppb,6 ppb,0 ppb,7 ppb
2026-03-28 21:58:52,2 ppb,6 ppb,0 ppb,7 ppb
2026-03-28 21:58:52,2 ppb,6 ppb,0 ppb,7 ppb
2026-03-28 21:58:52,2 ppb,6 ppb,0 ppb,7 ppb
2026-03-28 22:28:58,2 ppb,6 ppb,0 ppb,7 ppb
2026-03-28 22:59:04,2 ppb,6 ppb,0 ppb,7 ppb
2026-03-28 22:59:04,2 ppb,6 ppb,0 ppb,7 ppb
2026-03-28 22:59:04,2 ppb,6 ppb,0 ppb,7 ppb
2026-03-28 23:29:11,2 ppb,6 ppb,0 ppb,7 ppb
2026-03-28 23:59:17,2 ppb,6 ppb,0 ppb,7 ppb
2026-03-29 00:29:23,2 ppb,6 ppb,0 ppb,7 ppb
2026-03-29 00:59:29,2 ppb,6 ppb,0 ppb,7 ppb
2026-03-29 01:29:36,2 ppb,6 ppb,0 ppb,7 ppb
2026-03-29 01:29:36,2 ppb,6 ppb,0 ppb,7 ppb
2026-03-29 01:29:36,2 ppb,6 ppb,0 ppb,7 ppb
2026-03-29 01:59:42,2 ppb,6 ppb,0 ppb,7 ppb
2026-03-29 02:29:48,2 ppb,6 ppb,0 ppb,7 ppb
2026-03-29 02:59:54,2 ppb,6 ppb,0 ppb,7 ppb
2026-03-29 02:59:54,2 ppb,6 ppb,0 ppb,7 ppb
2026-03-29 03:30:00,2 ppb,6 ppb,0 ppb,7 ppb
2026-03-29 04:00:07,2 ppb,6 ppb,0 ppb,7 ppb
2026-03-29 04:30:13,2 ppb,6 ppb,0 ppb,7 ppb
2026-03-29 04:30:13,2 ppb,6 ppb,0 ppb,7 ppb
2026-03-29 05:00:19,2 ppb,6 ppb,0 ppb,7 ppb
2026-03-29 05:30:25,2 ppb,6 ppb,0 ppb,7 ppb
2026-03-29 06:00:37,2 ppb,6 ppb,0 ppb,7 ppb
2026-03-29 06:00:37,2 ppb,6 ppb,0 ppb,7 ppb
2026-03-29 06:30:43,2 ppb,6 ppb,0 ppb,7 ppb
2026-03-29 07:00:49,2 ppb,6 ppb,0 ppb,7 ppb
2026-03-29 07:30:56,2 ppb,6 ppb,0 ppb,7 ppb
2026-03-29 08:01:02,2 ppb,6 ppb,0 ppb,7 ppb
2026-03-29 08:31:08,2 ppb,6 ppb,0 ppb,7 ppb
2026-03-29 09:01:14,2 ppb,6 ppb,0 ppb,7 ppb
2026-03-29 09:31:20,2 ppb,6 ppb,0 ppb,7 ppb
2026-03-29 10:01:27,2 ppb,6 ppb,0 ppb,7 ppb
2026-03-29 10:31:33,2 ppb,6 ppb,0 ppb,7 ppb
2026-03-29 10:31:33,2 ppb,6 ppb,0 ppb,7 ppb
2026-03-29 11:01:39,2 ppb,6 ppb,0 ppb,7 ppb
2026-03-29 11:01:39,2 ppb,6 ppb,0 ppb,7 ppb
2026-03-29 11:31:45,2 ppb,6 ppb,0 ppb,7 ppb
2026-03-29 12:01:51,2 ppb,6 ppb,0 ppb,7 ppb
2026-03-29 12:31:58,2 ppb,6 ppb,0 ppb,7 ppb
2026-03-29 13:32:10,2 ppb,6 ppb,0 ppb,7 ppb
2026-03-29 14:02:16,2 ppb,6 ppb,0 ppb,7 ppb
2026-03-29 14:02:16,2 ppb,6 ppb,0 ppb,7 ppb
2026-03-29 14:32:23,2 ppb,6 ppb,0 ppb,7 ppb
2026-03-29 15:02:29,2 ppb,6 ppb,0 ppb,7 ppb
2026-03-29 15:32:35,2 ppb,6 ppb,0 ppb,7 ppb
2026-03-29 15:32:35,2 ppb,6 ppb,0 ppb,7 ppb
2026-03-29 15:32:35,2 ppb,6 ppb,0 ppb,7 ppb
2026-03-29 16:02:52,2 ppb,6 ppb,0 ppb,7 ppb
2026-03-29 16:32:58,2 ppb,6 ppb,0 ppb,7 ppb
2026-03-29 17:33:11,2 ppb,6 ppb,0 ppb,7 ppb
2026-03-29 18:03:17,2 ppb,6 ppb,0 ppb,7 ppb
2026-03-29 18:03:17,2 ppb,6 ppb,0 ppb,7 ppb
2026-03-29 18:33:23,2 ppb,6 ppb,0 ppb,7 ppb
2026-03-29 19:03:30,2 ppb,6 ppb,0 ppb,7 ppb
2026-03-29 19:33:36,2 ppb,6 ppb,0 ppb,7 ppb
2026-03-29 19:33:36,2 ppb,6 ppb,0 ppb,7 ppb
2026-03-29 20:03:42,2 ppb,6 ppb,0 ppb,7 ppb
2026-03-29 20:33:48,2 ppb,6 ppb,0 ppb,7 ppb
2026-03-29 21:03:54,2 ppb,6 ppb,0 ppb,7 ppb
2026-03-29 21:34:01,2 ppb,6 ppb,0 ppb,7 ppb
2026-03-29 22:04:07,2 ppb,6 ppb,0 ppb,7 ppb
2026-03-29 22:34:13,2 ppb,6 ppb,0 ppb,7 ppb
2026-03-29 23:04:19,2 ppb,6 ppb,0 ppb,7 ppb
2026-03-29 23:34:26,2 ppb,6 ppb,0 ppb,7 ppb
2026-03-29 23:34:26,2 ppb,6 ppb,0 ppb,7 ppb
2026-03-30 00:34:38,2 ppb,6 ppb,0 ppb,7 ppb
2026-03-30 01:04:50,2 ppb,6 ppb,0 ppb,7 ppb
2026-03-30 01:35:03,2 ppb,6 ppb,0 ppb,7 ppb
2026-03-30 02:05:16,2 ppb,6 ppb,0 ppb,7 ppb
2026-03-30 02:05:16,2 ppb,6 ppb,0 ppb,7 ppb
2026-03-30 02:35:28,2 ppb,6 ppb,0 ppb,7 ppb
2026-03-30 02:35:28,2 ppb,6 ppb,0 ppb,7 ppb
2026-03-30 03:05:48,2 ppb,6 ppb,0 ppb,7 ppb
2026-03-30 03:36:00,2 ppb,6 ppb,0 ppb,7 ppb
2026-03-30 04:36:12,2 ppb,6 ppb,0 ppb,7 ppb
2026-03-30 05:06:18,2 ppb,6 ppb,0 ppb,7 ppb
2026-03-30 05:36:25,2 ppb,6 ppb,0 ppb,7 ppb
2026-03-30 06:06:31,2 ppb,6 ppb,0 ppb,7 ppb
2026-03-30 06:06:31,2 ppb,6 ppb,0 ppb,7 ppb
2026-03-30 06:36:37,2 ppb,6 ppb,0 ppb,7 ppb
2026-03-30 07:06:43,2 ppb,6 ppb,0 ppb,7 ppb
2026-03-30 07:36:49,2 ppb,6 ppb,0 ppb,7 ppb
2026-03-30 07:36:49,2 ppb,6 ppb,0 ppb,7 ppb
2026-03-30 08:06:56,2 ppb,6 ppb,0 ppb,7 ppb
2026-03-30 08:37:02,2 ppb,6 ppb,0 ppb,7 ppb
2026-03-30 08:37:02,2 ppb,6 ppb,0 ppb,7 ppb
2026-03-30 09:07:08,2 ppb,6 ppb,0 ppb,7 ppb
2026-03-30 09:37:14,2 ppb,6 ppb,0 ppb,7 ppb
2026-03-30 09:37:14,2 ppb,6 ppb,0 ppb,7 ppb
2026-03-30 09:37:14,2 ppb,6 ppb,0 ppb,7 ppb
2026-03-30 10:07:21,2 ppb,6 ppb,0 ppb,7 ppb
2026-03-30 11:07:33,2 ppb,6 ppb,0 ppb,7 ppb
2026-03-30 11:37:45,2 ppb,6 ppb,0 ppb,7 ppb
2026-03-30 12:07:58,2 ppb,6 ppb,0 ppb,7 ppb
2026-03-30 12:38:11,2 ppb,6 ppb,0 ppb,7 ppb
2026-03-30 13:08:23,2 ppb,6 ppb,0 ppb,7 ppb
2026-03-30 13:38:36,2 ppb,6 ppb,0 ppb,7 ppb
2026-03-30 13:38:36,2 ppb,6 ppb,0 ppb,7 ppb
2026-03-30 14:08:48,2 ppb,6 ppb,0 ppb,7 ppb
2026-03-30 15:09:01,2 ppb,6 ppb,0 ppb,7 ppb
2026-03-30 16:09:13,2 ppb,6 ppb,0 ppb,7 ppb
2026-03-30 16:09:13,2 ppb,6 ppb,0 ppb,7 ppb
2026-03-30 16:39:25,2 ppb,6 ppb,0 ppb,7 ppb
2026-03-30 17:09:31,2 ppb,6 ppb,0 ppb,7 ppb
2026-03-30 17:09:31,2 ppb,6 ppb,0 ppb,7 ppb
2026-03-30 17:09:31,2 ppb,6 ppb,0 ppb,7 ppb
2026-03-30 17:39:37,2 ppb,6 ppb,0 ppb,7 ppb
2026-03-30 17:39:37,2 ppb,6 ppb,0 ppb,7 ppb
2026-03-30 17:39:37,2 ppb,6 ppb,0 ppb,7 ppb
2026-03-30 18:09:43,2 ppb,6 ppb,0 ppb,7 ppb
2026-03-30 18:39:50,2 ppb,6 ppb,0 ppb,7 ppb
2026-03-30 19:10:01,2 ppb,6 ppb,0 ppb,7 ppb
2026-03-30 19:40:14,2 ppb,6 ppb,0 ppb,7 ppb
2026-03-30 20:10:27,2 ppb,6 ppb,0 ppb,7 ppb
2026-03-30 20:40:40,2 ppb,6 ppb,0 ppb,7 ppb
2026-03-30 21:10:53,2 ppb,6 ppb,0 ppb,7 ppb
2026-03-30 21:10:53,2 ppb,6 ppb,0 ppb,7 ppb
2026-03-30 21:41:05,2 ppb,6 ppb,0 ppb,7 ppb
2026-03-30 22:11:16,2 ppb,6 ppb,0 ppb,7 ppb
2026-03-30 22:41:36,2 ppb,6 ppb,0 ppb,7 ppb
2026-03-30 23:11:56,2 ppb,6 ppb,0 ppb,7 ppb
2026-03-30 23:42:15,2 ppb,6 ppb,0 ppb,7 ppb
2026-03-31 00:12:34,2 ppb,6 ppb,0 ppb,7 ppb
2026-03-31 00:12:34,2 ppb,6 ppb,0 ppb,7 ppb
------------------------------------------------------------------------------------------------------------------
2026-03-31 11:47:20,2 ppb,6 ppb,0 ppb,7 ppb
2026-03-31 12:47:33,2 ppb,6 ppb,0 ppb,7 ppb
2026-03-31 12:47:33,2 ppb,6 ppb,0 ppb,7 ppb
2026-03-31 12:47:33,2 ppb,6 ppb,0 ppb,7 ppb
2026-03-31 13:17:39,2 ppb,6 ppb,0 ppb,7 ppb
2026-03-31 13:17:39,2 ppb,6 ppb,0 ppb,7 ppb
2026-03-31 13:17:39,2 ppb,6 ppb,0 ppb,7 ppb
2026-03-31 13:47:45,2 ppb,6 ppb,0 ppb,7 ppb
2026-03-31 13:47:45,2 ppb,6 ppb,0 ppb,7 ppb
2026-03-31 14:17:51,2 ppb,6 ppb,0 ppb,7 ppb
2026-03-31 14:17:51,2 ppb,6 ppb,0 ppb,7 ppb
2026-03-31 14:47:57,2 ppb,6 ppb,0 ppb,7 ppb
2026-03-31 14:47:57,2 ppb,6 ppb,0 ppb,7 ppb
2026-03-31 15:18:04,2 ppb,6 ppb,0 ppb,7 ppb
2026-03-31 15:18:04,2 ppb,6 ppb,0 ppb,7 ppb
2026-03-31 15:18:04,2 ppb,6 ppb,0 ppb,7 ppb
2026-03-31 15:48:10,2 ppb,6 ppb,0 ppb,7 ppb
2026-03-31 15:48:10,2 ppb,6 ppb,0 ppb,7 ppb
2026-03-31 16:18:16,2 ppb,6 ppb,0 ppb,7 ppb
2026-03-31 16:18:16,2 ppb,6 ppb,0 ppb,7 ppb
2026-03-31 16:48:28,2 ppb,6 ppb,0 ppb,7 ppb
2026-03-31 16:48:28,2 ppb,6 ppb,0 ppb,7 ppb
2026-03-31 16:48:28,2 ppb,6 ppb,0 ppb,7 ppb
2026-03-31 17:18:34,2 ppb,6 ppb,0 ppb,7 ppb
2026-03-31 18:18:47,2 ppb,6 ppb,0 ppb,7 ppb
2026-03-31 18:18:47,2 ppb,6 ppb,0 ppb,7 ppb
2026-03-31 18:48:53,2 ppb,6 ppb,0 ppb,7 ppb
2026-03-31 18:48:53,2 ppb,6 ppb,0 ppb,7 ppb
2026-03-31 19:19:04,2 ppb,6 ppb,0 ppb,7 ppb
2026-03-31 19:19:04,2 ppb,6 ppb,0 ppb,7 ppb
2026-03-31 19:49:11,2 ppb,6 ppb,0 ppb,7 ppb
2026-03-31 19:49:11,2 ppb,6 ppb,0 ppb,7 ppb
2026-03-31 19:49:11,2 ppb,6 ppb,0 ppb,7 ppb
2026-03-31 20:19:17,2 ppb,6 ppb,0 ppb,7 ppb
2026-03-31 20:19:17,2 ppb,6 ppb,0 ppb,7 ppb
2026-03-31 20:49:23,2 ppb,6 ppb,0 ppb,7 ppb
2026-03-31 20:49:23,2 ppb,6 ppb,0 ppb,7 ppb
2026-03-31 21:19:29,2 ppb,6 ppb,0 ppb,7 ppb
2026-03-31 21:19:29,2 ppb,6 ppb,0 ppb,7 ppb
2026-03-31 22:49:48,2 ppb,6 ppb,0 ppb,7 ppb
2026-03-31 23:19:54,2 ppb,6 ppb,0 ppb,7 ppb
2026-03-31 23:50:00,2 ppb,6 ppb,0 ppb,7 ppb
2026-03-31 23:50:00,2 ppb,6 ppb,0 ppb,7 ppb
2026-03-31 23:50:00,2 ppb,6 ppb,0 ppb,7 ppb
2026-04-01 00:20:07,2 ppb,6 ppb,0 ppb,7 ppb
2026-04-01 00:20:07,2 ppb,6 ppb,0 ppb,7 ppb
2026-04-01 00:50:25,2 ppb,6 ppb,0 ppb,7 ppb
2026-04-01 00:50:25,2 ppb,6 ppb,0 ppb,7 ppb
2026-04-01 01:20:31,2 ppb,6 ppb,0 ppb,7 ppb
2026-04-01 01:20:31,2 ppb,6 ppb,0 ppb,7 ppb
2026-04-01 01:50:44,2 ppb,6 ppb,0 ppb,7 ppb
2026-04-01 01:50:44,2 ppb,6 ppb,0 ppb,7 ppb
2026-04-01 02:21:04,2 ppb,6 ppb,0 ppb,7 ppb
2026-04-01 02:21:04,2 ppb,6 ppb,0 ppb,7 ppb
2026-04-01 02:51:10,2 ppb,6 ppb,0 ppb,7 ppb
2026-04-01 02:51:10,2 ppb,6 ppb,0 ppb,7 ppb
2026-04-01 03:21:23,2 ppb,6 ppb,0 ppb,7 ppb
2026-04-01 04:21:46,2 ppb,6 ppb,0 ppb,7 ppb
2026-04-01 04:51:52,2 ppb,6 ppb,0 ppb,7 ppb
2026-04-01 05:21:59,2 ppb,6 ppb,0 ppb,7 ppb
2026-04-01 05:21:59,2 ppb,6 ppb,0 ppb,7 ppb
2026-04-01 05:52:05,2 ppb,6 ppb,0 ppb,7 ppb
2026-04-01 06:22:11,2 ppb,6 ppb,0 ppb,7 ppb
2026-04-01 06:22:11,2 ppb,6 ppb,0 ppb,7 ppb
2026-04-01 07:22:24,2 ppb,6 ppb,0 ppb,7 ppb
2026-04-01 07:52:30,2 ppb,6 ppb,0 ppb,7 ppb
2026-04-01 07:52:30,2 ppb,6 ppb,0 ppb,7 ppb
2026-04-01 08:22:36,2 ppb,6 ppb,0 ppb,7 ppb
2026-04-01 09:22:48,2 ppb,6 ppb,0 ppb,7 ppb
2026-04-01 09:53:00,2 ppb,6 ppb,0 ppb,7 ppb
2026-04-01 10:23:13,2 ppb,6 ppb,0 ppb,7 ppb
2026-04-01 10:53:26,2 ppb,6 ppb,0 ppb,7 ppb
2026-04-01 11:23:39,2 ppb,6 ppb,0 ppb,7 ppb
2026-04-01 11:23:39,2 ppb,6 ppb,0 ppb,7 ppb
2026-04-01 11:23:39,2 ppb,6 ppb,0 ppb,7 ppb
2026-04-01 11:53:52,2 ppb,6 ppb,0 ppb,7 ppb
2026-04-01 12:24:03,2 ppb,6 ppb,0 ppb,7 ppb
2026-04-01 12:54:10,2 ppb,6 ppb,0 ppb,7 ppb
2026-04-01 12:54:10,2 ppb,6 ppb,0 ppb,7 ppb
2026-04-01 13:24:16,2 ppb,6 ppb,0 ppb,7 ppb
2026-04-01 13:54:22,2 ppb,6 ppb,0 ppb,7 ppb
2026-04-01 13:54:22,2 ppb,6 ppb,0 ppb,7 ppb
2026-04-01 13:54:22,2 ppb,6 ppb,0 ppb,7 ppb
2026-04-01 14:24:28,2 ppb,6 ppb,0 ppb,7 ppb
2026-04-01 14:54:35,2 ppb,6 ppb,0 ppb,7 ppb
2026-04-01 14:54:35,2 ppb,6 ppb,0 ppb,7 ppb
2026-04-01 15:24:41,2 ppb,6 ppb,0 ppb,7 ppb
2026-04-01 15:24:41,2 ppb,6 ppb,0 ppb,7 ppb
2026-04-01 15:24:41,2 ppb,6 ppb,0 ppb,7 ppb
2026-04-01 15:54:47,2 ppb,6 ppb,0 ppb,7 ppb
2026-04-01 16:24:53,2 ppb,6 ppb,0 ppb,7 ppb
2026-04-01 16:55:05,2 ppb,6 ppb,0 ppb,7 ppb
2026-04-01 17:25:11,2 ppb,6 ppb,0 ppb,7 ppb
2026-04-01 17:55:17,2 ppb,6 ppb,0 ppb,7 ppb
2026-04-01 18:25:23,2 ppb,6 ppb,0 ppb,7 ppb
2026-04-01 18:55:30,2 ppb,6 ppb,0 ppb,7 ppb
2026-04-01 19:25:36,2 ppb,6 ppb,0 ppb,7 ppb
2026-04-01 19:55:42,2 ppb,6 ppb,0 ppb,7 ppb
2026-04-01 20:25:49,2 ppb,6 ppb,0 ppb,7 ppb
2026-04-01 20:55:55,2 ppb,6 ppb,0 ppb,7 ppb
2026-04-01 21:26:07,2 ppb,6 ppb,0 ppb,7 ppb
2026-04-01 21:56:13,2 ppb,6 ppb,0 ppb,7 ppb
2026-04-01 21:56:13,2 ppb,6 ppb,0 ppb,7 ppb
2026-04-01 22:26:19,2 ppb,6 ppb,0 ppb,7 ppb
2026-04-01 23:26:31,2 ppb,6 ppb,0 ppb,7 ppb
2026-04-01 23:56:38,2 ppb,6 ppb,0 ppb,7 ppb
2026-04-02 00:26:44,2 ppb,6 ppb,0 ppb,7 ppb
2026-04-02 00:26:44,2 ppb,6 ppb,0 ppb,7 ppb
2026-04-02 00:56:50,2 ppb,6 ppb,0 ppb,7 ppb
2026-04-02 01:26:56,2 ppb,6 ppb,0 ppb,7 ppb
2026-04-02 01:26:56,2 ppb,6 ppb,0 ppb,7 ppb
2026-04-02 01:57:03,2 ppb,6 ppb,0 ppb,7 ppb
2026-04-02 01:57:03,2 ppb,6 ppb,0 ppb,7 ppb
2026-04-02 02:27:09,2 ppb,6 ppb,0 ppb,7 ppb
2026-04-02 02:27:09,2 ppb,6 ppb,0 ppb,7 ppb
2026-04-02 02:57:15,2 ppb,6 ppb,0 ppb,7 ppb
2026-04-02 03:27:21,2 ppb,6 ppb,0 ppb,7 ppb
2026-04-02 03:57:27,2 ppb,6 ppb,0 ppb,7 ppb
2026-04-02 03:57:27,2 ppb,6 ppb,0 ppb,7 ppb
2026-04-02 04:27:34,2 ppb,6 ppb,0 ppb,7 ppb
2026-04-02 04:57:40,2 ppb,6 ppb,0 ppb,7 ppb
2026-04-02 05:27:46,2 ppb,6 ppb,0 ppb,7 ppb
2026-04-02 05:57:52,2 ppb,6 ppb,0 ppb,8 ppb
2026-04-02 05:57:52,2 ppb,6 ppb,0 ppb,8 ppb
2026-04-02 06:27:59,2 ppb,6 ppb,0 ppb,8 ppb
2026-04-02 06:58:05,2 ppb,6 ppb,0 ppb,8 ppb
2026-04-02 07:28:22,2 ppb,6 ppb,0 ppb,8 ppb
2026-04-02 07:58:29,2 ppb,6 ppb,0 ppb,8 ppb
2026-04-02 07:58:29,2 ppb,6 ppb,0 ppb,8 ppb
2026-04-02 08:28:35,2 ppb,6 ppb,0 ppb,8 ppb
2026-04-02 08:58:41,2 ppb,6 ppb,0 ppb,8 ppb
2026-04-02 09:28:47,2 ppb,6 ppb,0 ppb,8 ppb
2026-04-02 10:28:59,2 ppb,6 ppb,0 ppb,8 ppb
2026-04-02 10:28:59,2 ppb,6 ppb,0 ppb,8 ppb
2026-04-02 10:59:06,2 ppb,6 ppb,0 ppb,8 ppb
2026-04-02 10:59:06,2 ppb,6 ppb,0 ppb,8 ppb
2026-04-02 11:29:12,2 ppb,6 ppb,0 ppb,8 ppb
2026-04-02 11:29:12,2 ppb,6 ppb,0 ppb,8 ppb
2026-04-02 11:59:18,2 ppb,6 ppb,0 ppb,7 ppb
2026-04-02 12:29:24,2 ppb,6 ppb,0 ppb,7 ppb
2026-04-02 12:59:30,2 ppb,6 ppb,0 ppb,7 ppb
2026-04-02 12:59:30,2 ppb,6 ppb,0 ppb,7 ppb
2026-04-02 13:29:37,2 ppb,6 ppb,0 ppb,7 ppb
2026-04-02 13:59:43,2 ppb,6 ppb,0 ppb,7 ppb
2026-04-02 14:29:49,2 ppb,6 ppb,0 ppb,7 ppb
2026-04-02 14:29:49,2 ppb,6 ppb,0 ppb,7 ppb
2026-04-02 14:59:55,2 ppb,6 ppb,0 ppb,7 ppb
2026-04-02 15:30:02,2 ppb,6 ppb,0 ppb,7 ppb
2026-04-02 16:00:08,2 ppb,6 ppb,0 ppb,7 ppb
2026-04-02 16:30:14,2 ppb,6 ppb,0 ppb,7 ppb
2026-04-02 17:00:31,2 ppb,6 ppb,0 ppb,7 ppb
2026-04-02 17:30:38,2 ppb,6 ppb,0 ppb,7 ppb
2026-04-02 18:00:44,2 ppb,6 ppb,0 ppb,7 ppb
2026-04-02 18:00:44,2 ppb,6 ppb,0 ppb,7 ppb
2026-04-02 18:30:50,2 ppb,6 ppb,0 ppb,7 ppb
2026-04-02 19:00:56,2 ppb,6 ppb,0 ppb,7 ppb
2026-04-02 19:31:02,2 ppb,6 ppb,0 ppb,7 ppb
2026-04-02 20:01:08,2 ppb,6 ppb,0 ppb,7 ppb
2026-04-02 20:31:15,2 ppb,6 ppb,0 ppb,7 ppb
2026-04-02 20:31:15,2 ppb,6 ppb,0 ppb,7 ppb
2026-04-02 20:31:15,2 ppb,6 ppb,0 ppb,7 ppb
2026-04-02 21:01:21,2 ppb,6 ppb,0 ppb,7 ppb
2026-04-02 21:31:27,2 ppb,6 ppb,0 ppb,7 ppb
2026-04-02 21:31:27,2 ppb,6 ppb,0 ppb,7 ppb
2026-04-02 22:31:40,2 ppb,6 ppb,0 ppb,7 ppb
2026-04-02 23:01:46,2 ppb,6 ppb,0 ppb,8 ppb
2026-04-02 23:01:46,2 ppb,6 ppb,0 ppb,8 ppb
2026-04-02 23:31:52,2 ppb,6 ppb,0 ppb,8 ppb
2026-04-03 00:01:58,2 ppb,6 ppb,0 ppb,7 ppb
2026-04-03 00:32:04,2 ppb,6 ppb,0 ppb,8 ppb
2026-04-03 01:02:11,2 ppb,6 ppb,0 ppb,8 ppb
2026-04-03 01:02:11,2 ppb,6 ppb,0 ppb,8 ppb
2026-04-03 01:32:17,2 ppb,6 ppb,0 ppb,8 ppb
2026-04-03 01:32:17,2 ppb,6 ppb,0 ppb,8 ppb
2026-04-03 01:32:17,2 ppb,6 ppb,0 ppb,8 ppb
2026-04-03 02:02:23,2 ppb,6 ppb,0 ppb,8 ppb
2026-04-03 02:32:29,2 ppb,6 ppb,0 ppb,8 ppb
2026-04-03 02:32:29,2 ppb,6 ppb,0 ppb,8 ppb
2026-04-03 03:02:46,2 ppb,6 ppb,0 ppb,8 ppb
2026-04-03 03:32:53,2 ppb,6 ppb,0 ppb,8 ppb
2026-04-03 03:32:53,2 ppb,6 ppb,0 ppb,8 ppb
2026-04-03 04:02:59,2 ppb,6 ppb,0 ppb,8 ppb
2026-04-03 04:33:05,2 ppb,6 ppb,0 ppb,8 ppb
2026-04-03 05:03:11,2 ppb,6 ppb,0 ppb,8 ppb
2026-04-03 05:33:18,2 ppb,6 ppb,0 ppb,8 ppb
2026-04-03 06:03:24,3 ppb,6 ppb,0 ppb,11 ppb
2026-04-03 06:03:24,3 ppb,6 ppb,0 ppb,11 ppb
2026-04-03 06:33:30,2 ppb,6 ppb,0 ppb,8 ppb
2026-04-03 07:03:36,2 ppb,6 ppb,0 ppb,8 ppb
2026-04-03 07:33:42,2 ppb,6 ppb,0 ppb,8 ppb
2026-04-03 07:33:42,2 ppb,6 ppb,0 ppb,8 ppb
2026-04-03 08:03:49,2 ppb,6 ppb,0 ppb,8 ppb
2026-04-03 08:33:55,2 ppb,6 ppb,0 ppb,8 ppb
2026-04-03 09:04:01,2 ppb,6 ppb,0 ppb,8 ppb
2026-04-03 09:04:01,2 ppb,6 ppb,0 ppb,8 ppb
2026-04-03 09:34:07,2 ppb,6 ppb,0 ppb,8 ppb
2026-04-03 10:04:14,2 ppb,6 ppb,0 ppb,8 ppb
2026-04-03 11:04:26,2 ppb,6 ppb,0 ppb,8 ppb
2026-04-03 11:04:26,2 ppb,6 ppb,0 ppb,8 ppb
2026-04-03 11:04:26,2 ppb,6 ppb,0 ppb,8 ppb
2026-04-03 11:34:32,2 ppb,6 ppb,0 ppb,8 ppb
2026-04-03 12:04:39,2 ppb,6 ppb,0 ppb,8 ppb
2026-04-03 12:34:45,2 ppb,6 ppb,0 ppb,7 ppb
2026-04-03 13:04:57,2 ppb,6 ppb,0 ppb,7 ppb
2026-04-03 13:04:57,2 ppb,6 ppb,0 ppb,7 ppb
2026-04-03 13:35:03,2 ppb,6 ppb,0 ppb,7 ppb
2026-04-03 14:05:09,2 ppb,6 ppb,0 ppb,7 ppb
2026-04-03 14:35:15,2 ppb,6 ppb,0 ppb,7 ppb
2026-04-03 14:35:15,2 ppb,6 ppb,0 ppb,7 ppb
2026-04-03 15:35:28,2 ppb,6 ppb,0 ppb,7 ppb
2026-04-03 16:05:34,2 ppb,6 ppb,0 ppb,7 ppb
2026-04-03 16:05:34,2 ppb,6 ppb,0 ppb,7 ppb
2026-04-03 16:35:40,2 ppb,6 ppb,0 ppb,7 ppb
2026-04-03 17:05:52,2 ppb,6 ppb,0 ppb,7 ppb
2026-04-03 17:35:58,2 ppb,6 ppb,0 ppb,7 ppb
2026-04-03 18:06:05,2 ppb,6 ppb,0 ppb,7 ppb
2026-04-03 18:06:05,2 ppb,6 ppb,0 ppb,7 ppb
2026-04-03 18:36:11,2 ppb,6 ppb,0 ppb,7 ppb
2026-04-03 19:06:17,2 ppb,6 ppb,0 ppb,7 ppb
2026-04-03 19:36:24,2 ppb,6 ppb,0 ppb,7 ppb
2026-04-03 20:06:29,2 ppb,6 ppb,0 ppb,7 ppb
2026-04-03 20:06:29,2 ppb,6 ppb,0 ppb,7 ppb
2026-04-03 20:36:36,2 ppb,6 ppb,0 ppb,7 ppb
2026-04-03 21:06:42,2 ppb,6 ppb,0 ppb,7 ppb
2026-04-03 21:06:42,2 ppb,6 ppb,0 ppb,7 ppb
2026-04-03 22:06:54,2 ppb,6 ppb,0 ppb,7 ppb
2026-04-03 22:37:01,2 ppb,6 ppb,0 ppb,7 ppb
2026-04-03 22:37:01,2 ppb,6 ppb,0 ppb,7 ppb
2026-04-03 23:07:18,2 ppb,6 ppb,0 ppb,7 ppb
2026-04-03 23:37:24,2 ppb,6 ppb,0 ppb,7 ppb
2026-04-03 23:37:24,2 ppb,6 ppb,0 ppb,7 ppb
2026-04-04 00:07:30,3 ppb,6 ppb,0 ppb,11 ppb
2026-04-04 00:37:36,2 ppb,6 ppb,0 ppb,7 ppb
2026-04-04 00:37:36,2 ppb,6 ppb,0 ppb,7 ppb
2026-04-04 01:07:43,2 ppb,6 ppb,0 ppb,7 ppb
2026-04-04 01:37:49,2 ppb,6 ppb,0 ppb,7 ppb
2026-04-04 02:07:55,2 ppb,6 ppb,0 ppb,7 ppb
2026-04-04 02:38:01,2 ppb,6 ppb,0 ppb,7 ppb
2026-04-04 03:08:08,2 ppb,6 ppb,0 ppb,7 ppb
2026-04-04 03:08:08,2 ppb,6 ppb,0 ppb,7 ppb
2026-04-04 03:38:14,2 ppb,6 ppb,0 ppb,7 ppb
2026-04-04 04:08:20,2 ppb,6 ppb,0 ppb,7 ppb
2026-04-04 04:38:27,2 ppb,6 ppb,0 ppb,7 ppb
2026-04-04 05:08:33,2 ppb,6 ppb,0 ppb,7 ppb
2026-04-04 05:08:33,2 ppb,6 ppb,0 ppb,7 ppb
2026-04-04 05:38:39,2 ppb,6 ppb,0 ppb,7 ppb
2026-04-04 06:08:45,2 ppb,6 ppb,0 ppb,7 ppb
2026-04-04 06:38:51,2 ppb,6 ppb,0 ppb,7 ppb
2026-04-04 06:38:51,2 ppb,6 ppb,0 ppb,7 ppb
2026-04-04 07:08:58,2 ppb,6 ppb,0 ppb,7 ppb
2026-04-04 07:08:58,2 ppb,6 ppb,0 ppb,7 ppb
2026-04-04 07:39:03,2 ppb,6 ppb,0 ppb,7 ppb
2026-04-04 08:09:10,2 ppb,6 ppb,0 ppb,7 ppb
2026-04-04 08:39:22,2 ppb,6 ppb,0 ppb,7 ppb
2026-04-04 09:09:28,2 ppb,6 ppb,0 ppb,7 ppb
2026-04-04 09:09:28,2 ppb,6 ppb,0 ppb,7 ppb
2026-04-04 10:09:41,2 ppb,6 ppb,0 ppb,7 ppb
2026-04-04 11:09:53,2 ppb,6 ppb,0 ppb,7 ppb
2026-04-04 11:39:59,2 ppb,6 ppb,0 ppb,7 ppb
2026-04-04 12:10:05,2 ppb,6 ppb,0 ppb,7 ppb
2026-04-04 12:10:05,2 ppb,6 ppb,0 ppb,7 ppb
2026-04-04 12:10:05,2 ppb,6 ppb,0 ppb,7 ppb
2026-04-04 12:40:11,2 ppb,6 ppb,0 ppb,7 ppb
2026-04-04 12:40:11,2 ppb,6 ppb,0 ppb,7 ppb
2026-04-04 13:10:17,2 ppb,6 ppb,0 ppb,7 ppb
2026-04-04 13:10:17,2 ppb,6 ppb,0 ppb,7 ppb
2026-04-04 13:40:24,2 ppb,6 ppb,0 ppb,7 ppb
2026-04-04 14:10:35,2 ppb,6 ppb,0 ppb,7 ppb
2026-04-04 14:10:36,2 ppb,6 ppb,0 ppb,7 ppb
2026-04-04 14:40:48,2 ppb,6 ppb,0 ppb,7 ppb
2026-04-04 15:11:01,2 ppb,6 ppb,0 ppb,7 ppb
2026-04-04 15:41:14,2 ppb,6 ppb,0 ppb,7 ppb
2026-04-04 15:41:14,2 ppb,6 ppb,0 ppb,7 ppb
2026-04-04 15:41:14,2 ppb,6 ppb,0 ppb,7 ppb
2026-04-04 16:11:27,2 ppb,6 ppb,0 ppb,7 ppb
2026-04-04 16:11:27,2 ppb,6 ppb,0 ppb,7 ppb
2026-04-04 16:41:46,2 ppb,6 ppb,0 ppb,7 ppb
2026-04-04 17:11:57,2 ppb,6 ppb,0 ppb,7 ppb
2026-04-04 17:11:57,2 ppb,6 ppb,0 ppb,7 ppb
2026-04-04 17:42:04,2 ppb,6 ppb,0 ppb,7 ppb
2026-04-04 17:42:04,2 ppb,6 ppb,0 ppb,7 ppb
2026-04-04 18:12:10,2 ppb,6 ppb,0 ppb,7 ppb
2026-04-04 18:42:16,2 ppb,6 ppb,0 ppb,7 ppb
2026-04-04 19:12:22,2 ppb,6 ppb,0 ppb,7 ppb
2026-04-04 19:42:28,2 ppb,6 ppb,0 ppb,7 ppb
2026-04-04 19:42:28,2 ppb,6 ppb,0 ppb,7 ppb
2026-04-04 19:42:28,2 ppb,6 ppb,0 ppb,7 ppb
2026-04-04 20:12:34,2 ppb,6 ppb,0 ppb,7 ppb
2026-04-04 20:42:41,2 ppb,6 ppb,0 ppb,7 ppb
2026-04-04 21:12:47,2 ppb,6 ppb,0 ppb,7 ppb
2026-04-04 21:12:47,2 ppb,6 ppb,0 ppb,7 ppb
2026-04-04 21:12:47,2 ppb,6 ppb,0 ppb,7 ppb
2026-04-04 21:42:53,2 ppb,6 ppb,0 ppb,7 ppb
2026-04-04 21:42:53,2 ppb,6 ppb,0 ppb,7 ppb
2026-04-04 21:42:53,2 ppb,6 ppb,0 ppb,7 ppb
2026-04-04 22:13:00,2 ppb,6 ppb,0 ppb,7 ppb
2026-04-04 22:43:06,2 ppb,6 ppb,0 ppb,7 ppb
2026-04-04 23:13:12,2 ppb,6 ppb,0 ppb,7 ppb
2026-04-04 23:13:12,2 ppb,6 ppb,0 ppb,7 ppb
2026-04-04 23:43:18,2 ppb,6 ppb,0 ppb,7 ppb
2026-04-04 23:43:18,2 ppb,6 ppb,0 ppb,7 ppb
2026-04-04 23:43:18,2 ppb,6 ppb,0 ppb,7 ppb
2026-04-05 00:13:24,2 ppb,6 ppb,0 ppb,7 ppb
2026-04-05 00:13:24,2 ppb,6 ppb,0 ppb,7 ppb
2026-04-05 00:43:30,2 ppb,6 ppb,0 ppb,7 ppb
2026-04-05 01:13:37,2 ppb,6 ppb,0 ppb,7 ppb
2026-04-05 01:43:43,2 ppb,6 ppb,0 ppb,7 ppb
2026-04-05 01:43:43,2 ppb,6 ppb,0 ppb,7 ppb
2026-04-05 01:43:43,2 ppb,6 ppb,0 ppb,7 ppb
2026-04-05 02:13:49,2 ppb,6 ppb,0 ppb,7 ppb
2026-04-05 02:43:55,2 ppb,6 ppb,0 ppb,7 ppb
2026-04-05 03:14:07,2 ppb,6 ppb,0 ppb,7 ppb
2026-04-05 04:14:20,2 ppb,6 ppb,0 ppb,7 ppb
2026-04-05 04:14:20,2 ppb,6 ppb,0 ppb,7 ppb
2026-04-05 05:14:32,2 ppb,6 ppb,0 ppb,7 ppb
2026-04-05 05:14:32,2 ppb,6 ppb,0 ppb,7 ppb
2026-04-05 05:44:38,2 ppb,6 ppb,0 ppb,7 ppb
2026-04-05 06:14:44,2 ppb,6 ppb,0 ppb,7 ppb
2026-04-05 06:44:51,2 ppb,6 ppb,0 ppb,7 ppb
2026-04-05 06:44:51,2 ppb,6 ppb,0 ppb,7 ppb
2026-04-05 06:44:51,2 ppb,6 ppb,0 ppb,7 ppb
2026-04-05 07:14:57,2 ppb,6 ppb,0 ppb,7 ppb
2026-04-05 07:45:03,2 ppb,6 ppb,0 ppb,7 ppb
2026-04-05 07:45:03,2 ppb,6 ppb,0 ppb,7 ppb
2026-04-05 08:15:09,2 ppb,6 ppb,0 ppb,7 ppb
2026-04-05 08:45:27,2 ppb,6 ppb,0 ppb,7 ppb
2026-04-05 09:15:39,3 ppb,6 ppb,0 ppb,11 ppb
2026-04-05 09:45:53,2 ppb,6 ppb,0 ppb,7 ppb
2026-04-05 10:16:05,2 ppb,6 ppb,0 ppb,7 ppb
2026-04-05 10:46:18,2 ppb,6 ppb,0 ppb,7 ppb
2026-04-05 11:16:36,2 ppb,6 ppb,0 ppb,7 ppb
2026-04-05 11:16:36,2 ppb,6 ppb,0 ppb,7 ppb
2026-04-05 11:46:43,3 ppb,6 ppb,0 ppb,11 ppb
2026-04-05 12:16:49,2 ppb,6 ppb,0 ppb,7 ppb
2026-04-05 12:46:55,2 ppb,6 ppb,0 ppb,7 ppb
2026-04-05 13:17:01,2 ppb,6 ppb,0 ppb,7 ppb
2026-04-05 13:47:08,2 ppb,6 ppb,0 ppb,7 ppb
2026-04-05 14:17:14,2 ppb,6 ppb,0 ppb,7 ppb
2026-04-05 14:47:20,2 ppb,6 ppb,0 ppb,7 ppb
2026-04-05 14:47:20,2 ppb,6 ppb,0 ppb,7 ppb
2026-04-05 15:17:26,2 ppb,6 ppb,0 ppb,7 ppb
2026-04-05 15:17:26,2 ppb,6 ppb,0 ppb,7 ppb
2026-04-05 15:47:33,2 ppb,6 ppb,0 ppb,7 ppb
2026-04-05 16:17:39,2 ppb,6 ppb,0 ppb,7 ppb
2026-04-05 16:47:45,2 ppb,6 ppb,0 ppb,7 ppb
2026-04-05 17:17:57,2 ppb,6 ppb,0 ppb,7 ppb
2026-04-05 17:17:57,2 ppb,6 ppb,0 ppb,7 ppb
2026-04-05 17:48:03,2 ppb,6 ppb,0 ppb,7 ppb
2026-04-05 17:48:03,2 ppb,6 ppb,0 ppb,7 ppb
2026-04-05 18:18:09,2 ppb,6 ppb,0 ppb,7 ppb
2026-04-05 18:48:15,2 ppb,6 ppb,0 ppb,7 ppb
2026-04-05 18:48:15,2 ppb,6 ppb,0 ppb,7 ppb
2026-04-05 19:18:22,2 ppb,6 ppb,0 ppb,7 ppb
2026-04-05 19:48:28,2 ppb,6 ppb,0 ppb,7 ppb
2026-04-05 19:48:28,2 ppb,6 ppb,0 ppb,7 ppb
2026-04-05 20:18:39,2 ppb,6 ppb,0 ppb,7 ppb
2026-04-05 20:48:46,2 ppb,6 ppb,0 ppb,7 ppb
2026-04-05 20:48:46,2 ppb,6 ppb,0 ppb,7 ppb
2026-04-05 21:18:52,2 ppb,6 ppb,0 ppb,7 ppb
2026-04-05 21:48:58,2 ppb,6 ppb,0 ppb,7 ppb
2026-04-05 21:48:58,2 ppb,6 ppb,0 ppb,7 ppb
2026-04-05 22:19:04,2 ppb,6 ppb,0 ppb,7 ppb
2026-04-05 22:49:11,3 ppb,6 ppb,0 ppb,11 ppb
2026-04-05 23:19:17,2 ppb,6 ppb,0 ppb,7 ppb
2026-04-05 23:49:23,2 ppb,6 ppb,0 ppb,7 ppb
2026-04-05 23:49:23,2 ppb,6 ppb,0 ppb,7 ppb
2026-04-06 00:19:29,2 ppb,6 ppb,0 ppb,7 ppb
2026-04-06 00:19:29,2 ppb,6 ppb,0 ppb,7 ppb
2026-04-06 00:49:35,2 ppb,6 ppb,0 ppb,7 ppb
2026-04-06 01:19:42,2 ppb,6 ppb,0 ppb,7 ppb
2026-04-06 01:49:48,2 ppb,6 ppb,0 ppb,7 ppb
2026-04-06 02:19:54,3 ppb,6 ppb,0 ppb,11 ppb
2026-04-06 02:50:00,2 ppb,6 ppb,0 ppb,7 ppb
2026-04-06 02:50:00,2 ppb,6 ppb,0 ppb,7 ppb
2026-04-06 02:50:00,2 ppb,6 ppb,0 ppb,7 ppb
2026-04-06 03:20:07,2 ppb,6 ppb,0 ppb,7 ppb
2026-04-06 03:50:13,2 ppb,6 ppb,0 ppb,7 ppb
2026-04-06 04:20:19,2 ppb,6 ppb,0 ppb,7 ppb
2026-04-06 04:50:25,2 ppb,6 ppb,0 ppb,7 ppb
2026-04-06 04:50:25,2 ppb,6 ppb,0 ppb,7 ppb
2026-04-06 05:20:31,2 ppb,6 ppb,0 ppb,7 ppb
2026-04-06 05:50:49,2 ppb,6 ppb,0 ppb,7 ppb
2026-04-06 06:20:55,2 ppb,6 ppb,0 ppb,7 ppb
2026-04-06 06:51:01,2 ppb,6 ppb,0 ppb,7 ppb
2026-04-06 07:21:07,2 ppb,6 ppb,0 ppb,7 ppb
2026-04-06 07:51:14,2 ppb,6 ppb,0 ppb,7 ppb
2026-04-06 08:21:20,2 ppb,6 ppb,0 ppb,7 ppb
2026-04-06 08:51:26,2 ppb,6 ppb,0 ppb,7 ppb
2026-04-06 09:21:32,2 ppb,6 ppb,0 ppb,7 ppb
2026-04-06 10:21:45,2 ppb,6 ppb,0 ppb,7 ppb
2026-04-06 10:51:51,2 ppb,6 ppb,0 ppb,7 ppb
2026-04-06 10:51:51,2 ppb,6 ppb,0 ppb,7 ppb
2026-04-06 11:21:57,2 ppb,6 ppb,0 ppb,7 ppb
2026-04-06 11:21:57,2 ppb,6 ppb,0 ppb,7 ppb
2026-04-06 11:52:03,2 ppb,6 ppb,0 ppb,7 ppb
2026-04-06 12:22:10,2 ppb,6 ppb,0 ppb,7 ppb
2026-04-06 12:52:16,2 ppb,6 ppb,0 ppb,7 ppb
2026-04-06 13:22:22,2 ppb,6 ppb,0 ppb,7 ppb
2026-04-06 13:52:28,2 ppb,6 ppb,0 ppb,7 ppb
2026-04-06 14:22:34,2 ppb,6 ppb,0 ppb,7 ppb
2026-04-06 14:52:41,2 ppb,6 ppb,0 ppb,7 ppb
2026-04-06 15:22:47,2 ppb,6 ppb,0 ppb,7 ppb
2026-04-06 15:52:59,2 ppb,6 ppb,0 ppb,7 ppb
2026-04-06 16:23:05,2 ppb,6 ppb,0 ppb,7 ppb
2026-04-06 16:23:05,2 ppb,6 ppb,0 ppb,7 ppb
2026-04-06 16:53:11,2 ppb,6 ppb,0 ppb,7 ppb
2026-04-06 16:53:11,2 ppb,6 ppb,0 ppb,7 ppb
2026-04-06 17:23:23,2 ppb,6 ppb,0 ppb,7 ppb
2026-04-06 18:23:36,2 ppb,6 ppb,0 ppb,7 ppb
2026-04-06 18:53:42,2 ppb,6 ppb,0 ppb,7 ppb
2026-04-06 19:23:48,2 ppb,6 ppb,0 ppb,7 ppb
2026-04-06 19:53:54,3 ppb,6 ppb,0 ppb,11 ppb
2026-04-06 20:24:00,2 ppb,6 ppb,0 ppb,7 ppb
2026-04-06 20:24:00,2 ppb,6 ppb,0 ppb,7 ppb
2026-04-06 20:54:06,2 ppb,6 ppb,0 ppb,7 ppb
2026-04-06 20:54:06,2 ppb,6 ppb,0 ppb,7 ppb
2026-04-06 21:54:19,2 ppb,6 ppb,0 ppb,7 ppb
2026-04-06 22:24:37,2 ppb,6 ppb,0 ppb,7 ppb
2026-04-06 22:54:43,2 ppb,6 ppb,0 ppb,7 ppb
2026-04-06 23:24:57,2 ppb,6 ppb,0 ppb,7 ppb
2026-04-06 23:55:09,2 ppb,6 ppb,0 ppb,7 ppb
2026-04-07 00:25:22,2 ppb,6 ppb,0 ppb,7 ppb
2026-04-07 00:55:42,2 ppb,6 ppb,0 ppb,7 ppb
2026-04-07 01:25:54,2 ppb,6 ppb,0 ppb,7 ppb
2026-04-07 01:56:05,2 ppb,6 ppb,0 ppb,7 ppb
2026-04-07 02:26:32,2 ppb,6 ppb,0 ppb,7 ppb
2026-04-07 02:56:45,2 ppb,6 ppb,0 ppb,7 ppb
2026-04-07 03:27:04,2 ppb,6 ppb,0 ppb,7 ppb
2026-04-07 03:57:16,2 ppb,6 ppb,0 ppb,7 ppb
2026-04-07 04:27:29,2 ppb,6 ppb,0 ppb,7 ppb
2026-04-07 04:57:42,3 ppb,6 ppb,0 ppb,11 ppb
2026-04-07 04:57:42,3 ppb,6 ppb,0 ppb,11 ppb
2026-04-07 05:27:54,2 ppb,6 ppb,0 ppb,7 ppb
2026-04-07 05:27:54,2 ppb,6 ppb,0 ppb,7 ppb
2026-04-07 05:58:07,2 ppb,6 ppb,0 ppb,7 ppb
2026-04-07 06:28:19,2 ppb,6 ppb,0 ppb,7 ppb
2026-04-07 06:58:25,2 ppb,6 ppb,0 ppb,7 ppb
2026-04-07 07:28:32,2 ppb,6 ppb,0 ppb,7 ppb
2026-04-07 07:58:38,2 ppb,6 ppb,0 ppb,7 ppb
2026-04-07 08:28:44,2 ppb,6 ppb,0 ppb,7 ppb
2026-04-07 08:58:50,2 ppb,6 ppb,0 ppb,7 ppb
2026-04-07 08:58:50,2 ppb,6 ppb,0 ppb,7 ppb
2026-04-07 09:28:56,2 ppb,6 ppb,0 ppb,7 ppb
2026-04-07 09:59:03,2 ppb,6 ppb,0 ppb,7 ppb
2026-04-07 10:59:15,2 ppb,6 ppb,0 ppb,7 ppb
2026-04-07 11:29:21,2 ppb,6 ppb,0 ppb,7 ppb
2026-04-07 11:29:21,2 ppb,6 ppb,0 ppb,7 ppb
2026-04-07 11:59:28,2 ppb,6 ppb,0 ppb,7 ppb
2026-04-07 12:29:34,2 ppb,6 ppb,0 ppb,7 ppb
2026-04-07 12:59:40,2 ppb,6 ppb,0 ppb,7 ppb
2026-04-07 13:29:46,2 ppb,6 ppb,0 ppb,7 ppb
2026-04-07 13:59:53,2 ppb,6 ppb,0 ppb,7 ppb
2026-04-07 14:29:59,2 ppb,6 ppb,0 ppb,7 ppb
2026-04-07 15:00:05,2 ppb,6 ppb,0 ppb,7 ppb
2026-04-07 15:30:11,2 ppb,6 ppb,0 ppb,7 ppb
2026-04-07 16:00:17,2 ppb,6 ppb,0 ppb,7 ppb
2026-04-07 16:30:30,3 ppb,6 ppb,0 ppb,11 ppb
2026-04-07 17:00:36,2 ppb,6 ppb,0 ppb,7 ppb
2026-04-07 17:00:36,2 ppb,6 ppb,0 ppb,7 ppb
2026-04-07 17:00:36,2 ppb,6 ppb,0 ppb,7 ppb
2026-04-07 17:30:47,2 ppb,6 ppb,0 ppb,7 ppb
2026-04-07 18:00:54,2 ppb,6 ppb,0 ppb,7 ppb
2026-04-07 18:00:54,2 ppb,6 ppb,0 ppb,7 ppb
2026-04-07 18:31:00,2 ppb,6 ppb,0 ppb,7 ppb
2026-04-07 19:31:12,2 ppb,6 ppb,0 ppb,7 ppb
2026-04-07 20:01:18,2 ppb,6 ppb,0 ppb,7 ppb
2026-04-07 20:31:25,2 ppb,6 ppb,0 ppb,7 ppb
2026-04-07 21:01:31,3 ppb,6 ppb,0 ppb,11 ppb
2026-04-07 21:31:37,2 ppb,6 ppb,0 ppb,7 ppb
2026-04-07 22:01:43,3 ppb,6 ppb,0 ppb,11 ppb
2026-04-07 22:31:50,2 ppb,6 ppb,0 ppb,7 ppb
2026-04-07 22:31:50,2 ppb,6 ppb,0 ppb,7 ppb
2026-04-07 23:01:56,2 ppb,6 ppb,0 ppb,7 ppb
2026-04-07 23:32:02,2 ppb,6 ppb,0 ppb,7 ppb
2026-04-08 00:02:08,2 ppb,6 ppb,0 ppb,7 ppb
2026-04-08 00:32:14,2 ppb,6 ppb,0 ppb,7 ppb
2026-04-08 01:02:20,2 ppb,6 ppb,0 ppb,7 ppb
2026-04-08 01:32:27,2 ppb,6 ppb,0 ppb,7 ppb
2026-04-08 01:32:27,2 ppb,6 ppb,0 ppb,7 ppb
2026-04-08 02:02:38,2 ppb,6 ppb,0 ppb,7 ppb
2026-04-08 02:02:38,2 ppb,6 ppb,0 ppb,7 ppb
2026-04-08 02:32:45,2 ppb,6 ppb,0 ppb,7 ppb
2026-04-08 03:02:51,2 ppb,6 ppb,0 ppb,7 ppb
2026-04-08 03:32:57,2 ppb,6 ppb,0 ppb,7 ppb
2026-04-08 04:03:03,2 ppb,6 ppb,0 ppb,7 ppb
2026-04-08 04:33:10,2 ppb,6 ppb,0 ppb,7 ppb
2026-04-08 05:03:16,2 ppb,6 ppb,0 ppb,7 ppb
2026-04-08 05:03:16,2 ppb,6 ppb,0 ppb,7 ppb
2026-04-08 05:33:22,2 ppb,6 ppb,0 ppb,7 ppb
2026-04-08 05:33:22,2 ppb,6 ppb,0 ppb,7 ppb
2026-04-08 06:03:28,2 ppb,6 ppb,0 ppb,7 ppb
2026-04-08 06:33:35,2 ppb,6 ppb,0 ppb,7 ppb
2026-04-08 06:33:35,2 ppb,6 ppb,0 ppb,7 ppb
2026-04-08 07:33:47,2 ppb,6 ppb,0 ppb,8 ppb
2026-04-08 08:03:53,2 ppb,6 ppb,0 ppb,8 ppb
2026-04-08 08:03:53,2 ppb,6 ppb,0 ppb,8 ppb
2026-04-08 08:33:59,2 ppb,6 ppb,0 ppb,8 ppb
2026-04-08 09:04:06,3 ppb,6 ppb,0 ppb,11 ppb
2026-04-08 09:04:06,3 ppb,6 ppb,0 ppb,11 ppb
2026-04-08 09:34:12,2 ppb,6 ppb,0 ppb,8 ppb
2026-04-08 10:34:24,2 ppb,6 ppb,0 ppb,8 ppb
2026-04-08 10:34:24,2 ppb,6 ppb,0 ppb,8 ppb
2026-04-08 10:34:24,2 ppb,6 ppb,0 ppb,8 ppb
2026-04-08 11:04:42,2 ppb,6 ppb,0 ppb,8 ppb
2026-04-08 11:34:55,2 ppb,6 ppb,0 ppb,8 ppb
2026-04-08 11:34:55,2 ppb,6 ppb,0 ppb,8 ppb
2026-04-08 12:05:07,2 ppb,6 ppb,0 ppb,8 ppb
2026-04-08 12:35:20,2 ppb,6 ppb,0 ppb,7 ppb
2026-04-08 13:05:33,2 ppb,6 ppb,0 ppb,7 ppb
2026-04-08 13:35:52,2 ppb,6 ppb,0 ppb,7 ppb
2026-04-08 14:05:58,2 ppb,6 ppb,0 ppb,7 ppb
2026-04-08 14:36:04,3 ppb,6 ppb,0 ppb,11 ppb
2026-04-08 15:06:10,2 ppb,6 ppb,0 ppb,7 ppb
2026-04-08 15:06:10,2 ppb,6 ppb,0 ppb,7 ppb
2026-04-08 15:36:17,2 ppb,6 ppb,0 ppb,7 ppb
2026-04-08 16:06:23,2 ppb,6 ppb,0 ppb,7 ppb
2026-04-08 17:06:35,2 ppb,6 ppb,0 ppb,7 ppb
2026-04-08 18:06:53,2 ppb,6 ppb,0 ppb,7 ppb
2026-04-08 18:37:05,2 ppb,6 ppb,0 ppb,7 ppb
2026-04-08 19:07:18,2 ppb,6 ppb,0 ppb,7 ppb
2026-04-08 19:37:31,2 ppb,6 ppb,0 ppb,8 ppb
2026-04-08 20:07:51,2 ppb,6 ppb,0 ppb,8 ppb
2026-04-08 20:07:51,2 ppb,6 ppb,0 ppb,8 ppb
2026-04-08 20:37:57,2 ppb,6 ppb,0 ppb,8 ppb
2026-04-08 21:38:21,2 ppb,6 ppb,0 ppb,8 ppb
2026-04-08 22:08:27,3 ppb,6 ppb,0 ppb,11 ppb
2026-04-08 22:38:34,2 ppb,6 ppb,0 ppb,8 ppb
2026-04-08 23:38:46,2 ppb,6 ppb,0 ppb,8 ppb
2026-04-08 23:38:46,2 ppb,6 ppb,0 ppb,8 ppb
2026-04-09 00:08:52,2 ppb,6 ppb,0 ppb,8 ppb
2026-04-09 00:08:52,2 ppb,6 ppb,0 ppb,8 ppb
2026-04-09 00:38:59,2 ppb,6 ppb,0 ppb,8 ppb
2026-04-09 01:09:05,2 ppb,6 ppb,0 ppb,8 ppb
2026-04-09 01:09:05,2 ppb,6 ppb,0 ppb,8 ppb
2026-04-09 01:09:05,2 ppb,6 ppb,0 ppb,8 ppb
2026-04-09 01:39:11,2 ppb,6 ppb,0 ppb,8 ppb
2026-04-09 02:39:24,2 ppb,6 ppb,0 ppb,8 ppb
2026-04-09 03:09:35,2 ppb,6 ppb,0 ppb,8 ppb
2026-04-09 03:39:48,2 ppb,6 ppb,0 ppb,8 ppb
2026-04-09 04:10:08,2 ppb,6 ppb,0 ppb,8 ppb
2026-04-09 04:10:08,2 ppb,6 ppb,0 ppb,8 ppb
2026-04-09 04:40:14,3 ppb,6 ppb,0 ppb,11 ppb
2026-04-09 04:40:14,3 ppb,6 ppb,0 ppb,11 ppb
2026-04-09 05:10:27,2 ppb,6 ppb,0 ppb,8 ppb
2026-04-09 05:40:46,2 ppb,6 ppb,0 ppb,8 ppb
2026-04-09 06:10:51,2 ppb,6 ppb,0 ppb,8 ppb
2026-04-09 07:11:04,2 ppb,6 ppb,0 ppb,8 ppb
2026-04-09 07:41:10,2 ppb,6 ppb,0 ppb,8 ppb
2026-04-09 08:11:16,2 ppb,6 ppb,0 ppb,8 ppb
2026-04-09 08:41:22,2 ppb,6 ppb,0 ppb,8 ppb
2026-04-09 09:11:29,2 ppb,6 ppb,0 ppb,8 ppb
2026-04-09 09:11:29,2 ppb,6 ppb,0 ppb,8 ppb